"Country","Continent","Year","Education_expenditure","Health_expenditure","Population"
"Angola","Africa","2000",2.61,2.33,16440924
"Albania","Europe","2000",3.29,6.76,3089027
"Argentina","S.America","2000",4.58,8.47,37057452
"Armenia","Europe","2000",2.77,6.51,3069588
"Australia","Oceania","2000",4.89,7.62,19153000
"Austria","Europe","2000",5.59,9.2,8011566
"Azerbaijan","Asia","2000",3.85,3.83,8048600
"Burundi","Africa","2000",2.65,6.18,6400706
"Benin","Africa","2000",2.89,4.23,6865951
"Bangladesh","Asia","2000",2.13,2,131581243
"Bahamas, The","N.America","2000",2.23,4,297890
"Belarus","Europe","2000",6.2,5.47,9979610
"Belize","N.America","2000",5.03,3.94,247315
"Bolivia","S.America","2000",5.47,4.34,8339512
"Brazil","S.America","2000",3.95,6.56,175287587
"Barbados","N.America","2000",4.62,5.23,269847
"Brunei Darussalam","Asia","2000",3.71,2.54,333241
"Bhutan","Asia","2000",5.51,4.31,573416
"Central African Republic","Africa","2000",1.61,4.99,3754986
"Canada","N.America","2000",5.44,8.28,30769700
"Switzerland","Europe","2000",4.78,9.84,7184250
"Chile","S.America","2000",3.78,7.04,15262754
"Cote d'Ivoire","Africa","2000",3.7,5.67,16686561
"Cameroon","Africa","2000",1.78,3.98,15274234
"Colombia","S.America","2000",3.51,5.48,40403958
"Costa Rica","N.America","2000",4.69,6.59,3925443
"Caribbean small states","S.America","2000",3.87,4.82,6530691
"Cuba","N.America","2000",7.7,6.58,11150736
"Cyprus","Europe","2000",4.89,5.31,943286
"Czech Republic","Europe","2000",3.65,5.72,10255063
"Djibouti","Africa","2000",9.66,4.13,717584
"Denmark","Europe","2000",8.08,8.1,5339616
"Dominican Republic","N.America","2000",1.89,4.88,8562622
"Ecuador","S.America","2000",1.15,3.32,12628596
"Spain","Europe","2000",4.18,6.82,40567864
"Estonia","Europe","2000",5.34,5.16,1396985
"Ethiopia","Africa","2000",3.98,4.37,66537331
"Finland","Europe","2000",5.72,6.84,5176209
"Fiji","Oceania","2000",5.86,3.72,811223
"Micronesia, Fed. Sts.","Oceania","2000",6.71,7.73,107432
"Gabon","Africa","2000",3.83,2.91,1231122
"United Kingdom","Europe","2000",4.07,5.97,58892514
"Georgia","Europe","2000",2.18,7.4,4418300
"Guinea","Africa","2000",2.59,3.7,8808546
"Gambia, The","Africa","2000",1.47,4.67,1231844
"Greece","Europe","2000",3.23,7.24,10805808
"Guyana","S.America","2000",8.48,2.78,753301
"Hungary","Europe","2000",4.86,6.76,10210971
"India","Asia","2000",4.38,4.03,1053050912
"Ireland","Europe","2000",4.14,5.91,3805174
"Iran, Islamic Rep.","Asia","2000",4.03,4.74,66131854
"Iceland","Europe","2000",6.5,9.03,281205
"Israel","Asia","2000",6.12,6.8,6289000
"Italy","Europe","2000",4.3,7.58,56942108
"Jamaica","N.America","2000",4.98,6.01,2656864
"Kazakhstan","Europe","2000",3.26,4.16,14883626
"Kenya","Africa","2000",5.19,4.73,31450483
"Kyrgyz Republic","Asia","2000",3.51,4.41,4898400
"Cambodia","Asia","2000",1.66,6.54,12152354
"Kiribati","Oceania","2000",11.19,8.64,84406
"St. Kitts and Nevis","N.America","2000",4.75,4.81,45374
"Lao PDR","Asia","2000",1.5,4.28,5329304
"Lesotho","Africa","2000",10.09,5.86,1868699
"Latvia","Europe","2000",5.29,5.45,2367550
"Monaco","Europe","2000",1.26,1.73,32082
"Moldova","Europe","2000",4.49,5.93,3639592
"Madagascar","Africa","2000",2.91,5.39,15766806
"Mexico","N.America","2000",3.99,4.45,101719673
"Mali","Africa","2000",2.97,5.1,10967690
"Mongolia","Asia","2000",5.55,5.31,2397436
"Mauritius","Africa","2000",3.82,3.02,1186873
"Malawi","Africa","2000",5.25,3.35,11376172
"Malaysia","Asia","2000",5.97,2.56,23185608
"Namibia","Africa","2000",6.99,10.33,1899257
"Niger","Africa","2000",3.19,6.17,11352973
"Nicaragua","N.America","2000",3,5.22,5026796
"Netherlands","Europe","2000",4.63,7.06,15925513
"Norway","Europe","2000",6.46,7.71,4490967
"Nepal","Asia","2000",2.98,3.57,23740911
"Oman","Asia","2000",3.2,3.06,2267991
"Pakistan","Asia","2000",1.84,2.89,138523285
"Panama","N.America","2000",4.76,7.04,3030347
"Peru","S.America","2000",3.23,4.59,25914879
"Philippines","Asia","2000",3.27,3.15,77991569
"Palau","Oceania","2000",8.1,8.75,19175
"Poland","Europe","2000",4.99,5.3,38258629
"Portugal","Europe","2000",5.16,8.37,10289898
"Paraguay","S.America","2000",4.57,5.76,5302700
"Qatar","Asia","2000",3.73,2.01,592267
"Romania","Europe","2000",2.85,4.19,22442971
"Russian Federation","Europe","2000",2.94,5.01,146596557
"Rwanda","Africa","2000",4.1,4.55,8025703
"Saudi Arabia","Asia","2000",5.91,4.21,20764312
"Sudan","Africa","2000",1.01,3.61,27250535
"Senegal","Africa","2000",3.16,4.53,9884052
"Singapore","Asia","2000",3.32,3.35,4027887
"Sierra Leone","Africa","2000",4.95,11.52,4564297
"El Salvador","N.America","2000",2.84,8.12,5867626
"Slovak Republic","Europe","2000",3.87,5.31,5388720
"Sweden","Europe","2000",6.82,7.41,8872109
"Chad","Africa","2000",2.65,5.46,8342559
"Togo","Africa","2000",4.51,3.27,4970367
"Thailand","Asia","2000",5.25,3.1,62958021
"Tajikistan","Asia","2000",2.33,4.26,6216205
"Tonga","Oceania","2000",4.94,2.93,98082
"Trinidad and Tobago","S.America","2000",2.76,4.32,1267984
"Tunisia","Africa","2000",6.2,5.05,9699197
"Turkey","Europe","2000",2.53,4.62,63240121
"Uganda","Africa","2000",2.46,7.56,24039274
"Ukraine","Europe","2000",4.17,5.31,49175848
"Uruguay","S.America","2000",2.42,10.01,3321245
"St. Vincent and the Grenadines","N.America","2000",7.91,3.69,107898
"Vanuatu","Asia","2000",7,3.3,185063
"Samoa","Oceania","2000",3.58,4.4,174610
"Yemen, Rep.","Asia","2000",9.66,4.67,17874725
"South Africa","Africa","2000",5.44,7.44,45728315
"Zambia","Africa","2000",1.79,7.15,10531221
"Albania","Europe","2001",3.34,6.52,3060173
"Argentina","S.America","2001",4.83,8.62,37471509
"Armenia","Europe","2001",2.47,6.54,3050655
"Austria","Europe","2001",5.58,9.27,8042293
"Azerbaijan","Asia","2001",3.5,3.69,8111200
"Burundi","Africa","2001",2.9,6.4,6555829
"Benin","Africa","2001",3.23,4.43,7076733
"Bangladesh","Asia","2001",2.17,1.99,134107160
"Bulgaria","Europe","2001",3.41,6.91,8009142
"Belize","N.America","2001",5.8,4.23,254984
"Bolivia","S.America","2001",5.9,4.76,8496375
"Brazil","S.America","2001",3.84,6.73,177750670
"Barbados","N.America","2001",5.94,5.42,270685
"Bhutan","Asia","2001",5.72,4.85,589600
"Canada","N.America","2001",4.97,8.66,31081900
"Switzerland","Europe","2001",4.96,10.23,7229854
"Cote d'Ivoire","Africa","2001",3.67,4.85,17040152
"Cameroon","Africa","2001",2.42,4.18,15671927
"Colombia","S.America","2001",3.71,5.56,40988909
"Costa Rica","N.America","2001",4.85,6.5,3996798
"Caribbean small states","S.America","2001",4.22,4.62,6577216
"Cuba","N.America","2001",8.36,6.98,11186542
"Cyprus","Europe","2001",5.03,5.34,960282
"Czech Republic","Europe","2001",3.75,5.89,10216605
"Djibouti","Africa","2001",7.81,3.94,732711
"Denmark","Europe","2001",8.22,8.45,5358783
"Dominican Republic","N.America","2001",1.97,4.88,8697126
"Eritrea","Africa","2001",4.05,4.63,3497124
"Spain","Europe","2001",4.12,6.78,40850412
"Estonia","Europe","2001",5.24,4.79,1388115
"Ethiopia","Africa","2001",3.7,4.71,68492257
"Finland","Europe","2001",5.85,6.99,5188008
"Fiji","Oceania","2001",5.62,3.16,814218
"United Kingdom","Europe","2001",4.14,6.33,59119673
"Georgia","Europe","2001",2.14,7.37,4386400
"Ghana","Africa","2001",5.35,4.51,19421605
"Guinea","Africa","2001",2.08,3.88,8971139
"Gambia, The","Africa","2001",1.16,4.24,1270495
"Greece","Europe","2001",3.36,7.99,10862132
"Guyana","S.America","2001",8.59,2.85,752263
"Hungary","Europe","2001",4.92,6.82,10187576
"Indonesia","East Asia & Pacific","2001",2.46,2.18,214506502
"Ireland","Europe","2001",4.09,6.4,3866243
"Iran, Islamic Rep.","Asia","2001",4.07,5.11,67096414
"Iceland","Europe","2001",6.79,8.89,284968
"Israel","Asia","2001",6.38,7.23,6439000
"Italy","Europe","2001",4.67,7.77,56974100
"Jamaica","N.America","2001",5.38,5.49,2677011
"Kenya","Africa","2001",5.21,4.82,32321482
"Kyrgyz Republic","Asia","2001",3.85,4.28,4945100
"Cambodia","Asia","2001",1.72,7.02,12402473
"Kiribati","Oceania","2001",11.99,12.33,85858
"St. Kitts and Nevis","N.America","2001",4.4,4.37,45990
"Korea, Rep.","Asia","2001",3.9,4.68,47370164
"Kuwait","Asia","2001",6.59,3.61,2109355
"Lao PDR","Asia","2001",1.99,4.29,5414568
"Lebanon","Asia","2001",2.84,10.42,3359859
"St. Lucia","N.America","2001",6.85,5.72,158464
"Lesotho","Africa","2001",9.37,6.37,1885955
"Lithuania","Europe","2001",5.84,6.01,3470818
"Luxembourg","Europe","2001",3.56,6.41,441525
"Latvia","Europe","2001",5.45,5.78,2337170
"Moldova","Europe","2001",4.85,6.24,3631462
"Madagascar","Africa","2001",3.25,5.72,16260932
"Mexico","N.America","2001",4.24,4.82,103067068
"Mali","Africa","2001",2.66,4.29,11293258
"Mauritania","Africa","2001",2.84,4.63,2790729
"Mauritius","Africa","2001",3.17,3.09,1196287
"Malawi","Africa","2001",4.51,2.98,11695863
"Malaysia","Asia","2001",7.48,2.73,23698907
"Namibia","Africa","2001",6.91,10.23,1933596
"Niger","Africa","2001",2.87,6.43,11771976
"Netherlands","Europe","2001",4.75,7.44,16046180
"Norway","Europe","2001",6.83,8.02,4513751
"Nepal","Asia","2001",3.71,4.35,24161777
"New Zealand","Oceania","2001",6.56,7.58,3880500
"Oman","Asia","2001",4.02,3.08,2294787
"Panama","N.America","2001",4.11,6.95,3089684
"Peru","S.America","2001",3.04,4.97,26261363
"Philippines","Asia","2001",3.03,2.95,79665315
"Palau","Oceania","2001",7.78,7.85,19404
"Poland","Europe","2001",5.33,5.68,38248076
"Portugal","Europe","2001",5.34,8.4,10362722
"Paraguay","S.America","2001",4.25,5.49,5406624
"Qatar","Asia","2001",3.2,2.31,616886
"Romania","Europe","2001",3.24,4.34,22131970
"Russian Federation","Europe","2001",3.11,5.23,145976083
"Rwanda","Africa","2001",5.67,4.23,8329406
"Saudi Arabia","Asia","2001",7.72,4.46,21303592
"Senegal","Africa","2001",3.29,4.9,10134497
"Singapore","Asia","2001",3.55,3.18,4138012
"Sierra Leone","Africa","2001",3.43,10.97,4739147
"Slovak Republic","Europe","2001",3.94,5.34,5378867
"Slovenia","Europe","2001",5.76,7.88,1992060
"Sweden","Europe","2001",6.69,8.03,8895960
"Syrian Arab Republic","Asia","2001",4.36,4.49,16766899
"Chad","Africa","2001",2.43,5.29,8663012
"Togo","Africa","2001",4.19,3.4,5111770
"Thailand","Asia","2001",4.82,3.03,63543322
"Tajikistan","Asia","2001",2.38,4.58,6327125
"Tonga","Oceania","2001",4.53,3.35,98611
"Trinidad and Tobago","S.America","2001",3.07,4.11,1272380
"Tunisia","Africa","2001",6.2,5.1,9785701
"Turkey","Europe","2001",2.65,4.92,64191474
"Ukraine","Europe","2001",4.68,5.51,48683865
"Uruguay","S.America","2001",2.8,10.64,3327103
"Vanuatu","Asia","2001",8.95,3.36,189290
"Samoa","Oceania","2001",3.83,3.93,175566
"Yemen, Rep.","Asia","2001",9.24,4.95,18390135
"South Africa","Africa","2001",5.16,7.45,46385006
"Albania","Europe","2002",3.06,6.43,3051010
"Andorra","Europe","2002",1.68,9.12,70049
"Argentina","S.America","2002",4.02,7.67,37889370
"Armenia","Europe","2002",2.14,5.69,3033897
"Antigua and Barbuda","N.America","2002",3.39,4.34,86266
"Austria","Europe","2002",5.52,9.39,8081957
"Azerbaijan","Asia","2002",3.15,3.72,8171950
"Burundi","Africa","2002",3,6.47,6741569
"Benin","Africa","2002",2.95,4.15,7295394
"Bangladesh","Asia","2002",2.02,2.15,136600667
"Bulgaria","Europe","2002",3.41,7.14,7837161
"Bolivia","S.America","2002",6.23,4.83,8653345
"Brazil","S.America","2002",3.75,8.18,180151021
"Barbados","N.America","2002",5.76,5.74,271478
"Central African Republic","Africa","2002",1.52,4.57,3907612
"Canada","N.America","2002",5.01,8.89,31362000
"Switzerland","Europe","2002",5.31,10.64,7284753
"Chile","S.America","2002",4.08,7.27,15623635
"Cote d'Ivoire","Africa","2002",4.09,4.48,17366517
"Congo, Rep.","Africa","2002",3.21,1.88,3407180
"Colombia","S.America","2002",4.27,5.37,41572491
"Comoros","Africa","2002",3.88,10.97,569479
"Cabo Verde","Africa","2002",7.88,4.76,452106
"Costa Rica","N.America","2002",5.17,6.9,4063204
"Caribbean small states","S.America","2002",4.46,4.79,6623792
"Cuba","N.America","2002",9.57,7.11,11217998
"Cyprus","Europe","2002",5.49,5.62,976966
"Czech Republic","Europe","2002",3.97,6.2,10196916
"Djibouti","Africa","2002",8.45,5.04,746221
"Denmark","Europe","2002",8.21,8.7,5375931
"Dominican Republic","N.America","2002",1.91,4.99,8832285
"Eritrea","Africa","2002",3.52,5.3,3614639
"Spain","Europe","2002",4.14,6.8,41431558
"Estonia","Europe","2002",5.47,4.73,1379350
"Ethiopia","Africa","2002",3.63,4.71,70497192
"Finland","Europe","2002",6.02,7.36,5200598
"Fiji","Oceania","2002",6.24,3.25,815691
"United Kingdom","Europe","2002",4.69,6.59,59370479
"Georgia","Europe","2002",2.24,8.05,4357000
"Guinea","Africa","2002",2.59,4.38,9137345
"Gambia, The","Africa","2002",1.44,4.07,1311349
"Greece","Europe","2002",3.42,8.23,10902022
"Guyana","S.America","2002",8.41,3.03,751884
"Croatia","Europe","2002",3.81,6.21,4440000
"Hungary","Europe","2002",5.17,7.11,10158608
"Indonesia","East Asia & Pacific","2002",2.65,2.06,217508059
"Ireland","Europe","2002",4.11,6.67,3931947
"Iran, Islamic Rep.","Asia","2002",4.48,4.76,67983330
"Iceland","Europe","2002",7.39,9.58,287523
"Israel","Asia","2002",6.47,7.15,6570000
"Italy","Europe","2002",4.45,7.89,57059007
"Jamaica","N.America","2002",5.38,5.05,2695446
"Kazakhstan","Europe","2002",3.03,3.61,14858948
"Kenya","Africa","2002",6.17,5.02,33214009
"Kyrgyz Republic","Asia","2002",4.45,4.59,4990700
"Cambodia","Asia","2002",1.71,7.25,12634729
"St. Kitts and Nevis","N.America","2002",3.9,4.44,46641
"Korea, Rep.","Asia","2002",3.79,4.39,47644736
"Kuwait","Asia","2002",6.55,3.57,2143833
"Lao PDR","Asia","2002",2.83,3.7,5497273
"Lebanon","Asia","2002",2.55,9.16,3522837
"Lesotho","Africa","2002",10.1,5.96,1902312
"Lithuania","Europe","2002",5.79,6.14,3443067
"Latvia","Europe","2002",5.61,5.77,2310173
"Moldova","Europe","2002",5.5,7.41,3623062
"Madagascar","Africa","2002",2.72,5.91,16765117
"Maldives","Asia","2002",5.79,8.78,294341
"Mexico","N.America","2002",4.45,5.07,104355608
"Marshall Islands","Oceania","2002",8.67,19.06,52158
"Mali","Africa","2002",2.9,4.35,11638929
"Malta","Europe","2002",3.95,7.72,395969
"Mongolia","Asia","2002",7.21,5.06,2443659
"Mauritania","Africa","2002",3.06,5.19,2873228
"Mauritius","Africa","2002",3.11,3.37,1204621
"Malaysia","Asia","2002",7.66,2.72,24198811
"Namibia","Africa","2002",6.76,10.35,1962147
"Niger","Africa","2002",3.06,6.52,12206002
"Nicaragua","N.America","2002",2.39,5.35,5171734
"Netherlands","Europe","2002",4.87,7.95,16148929
"Norway","Europe","2002",7.44,9.01,4538159
"Nepal","Asia","2002",3.15,4.49,24566342
"New Zealand","Oceania","2002",6.41,7.9,3948500
"Oman","Asia","2002",4.33,3.18,2334285
"Panama","N.America","2002",4.19,7.09,3149265
"Peru","S.America","2002",2.82,5.19,26601467
"Philippines","Asia","2002",3,2.73,81352060
"Palau","Oceania","2002",7.58,8.07,19574
"Poland","Europe","2002",5.4,6.08,38230364
"Portugal","Europe","2002",5.26,8.56,10419631
"Paraguay","S.America","2002",3.88,4.68,5508611
"Qatar","Asia","2002",3.85,2.46,645659
"Romania","Europe","2002",3.5,4.57,21730496
"Russian Federation","Europe","2002",3.84,5.51,145306046
"Saudi Arabia","Asia","2002",7.64,4.25,21906308
"Sudan","Africa","2002",1.43,3.3,28679565
"Senegal","Africa","2002",3.39,5.12,10396861
"Singapore","Asia","2002",3.9,3.38,4175950
"Sierra Leone","Africa","2002",3.55,11.42,4957216
"El Salvador","N.America","2002",3.24,7.69,5940303
"Sao Tome and Principe","Africa","2002",2.9,10.79,144889
"Slovak Republic","Europe","2002",4.25,5.52,5376912
"Slovenia","Europe","2002",5.66,8,1994530
"Sweden","Europe","2002",7,8.36,8924958
"Seychelles","Africa","2002",5.19,4.23,83723
"Syrian Arab Republic","Asia","2002",5.05,4.52,17087901
"Togo","Africa","2002",4.02,3.42,5251472
"Thailand","Asia","2002",3.86,3.33,64073164
"Tajikistan","Asia","2002",2.78,4.44,6447688
"Tonga","Oceania","2002",3.79,3.57,99184
"Trinidad and Tobago","S.America","2002",3.54,4.81,1277837
"Tunisia","Africa","2002",5.79,5.37,9864326
"Turkey","Europe","2002",2.75,5.1,65143054
"Ukraine","Europe","2002",5.43,5.77,48202500
"Uruguay","S.America","2002",2.32,10.52,3327773
"St. Vincent and the Grenadines","N.America","2002",7.8,3.67,108146
"Vanuatu","Asia","2002",8.13,4.03,193956
"Samoa","Oceania","2002",3.84,4.64,176582
"South Africa","Africa","2002",5.07,6.88,47026173
"Albania","Europe","2003",3.06,6.35,3039616
"Argentina","S.America","2003",3.54,7.13,38309379
"Armenia","Europe","2003",2.15,5.61,3017806
"Austria","Europe","2003",5.36,9.55,8121423
"Azerbaijan","Asia","2003",3.29,5.99,8234100
"Benin","Africa","2003",3.12,4.15,7520555
"Bangladesh","Asia","2003",2.07,2.19,139019001
"Bulgaria","Europe","2003",4.03,7.26,7775327
"Belize","N.America","2003",5.21,4.26,269130
"Bolivia","S.America","2003",6.38,5.13,8810420
"Barbados","N.America","2003",6.12,6.55,272258
"Central African Republic","Africa","2003",1.54,4.61,3981665
"Switzerland","Europe","2003",5.52,10.94,7339001
"Chile","S.America","2003",3.96,7.33,15799542
"Cote d'Ivoire","Africa","2003",3.97,4.65,17679355
"Cameroon","Africa","2003",3.09,4.41,16513822
"Congo, Rep.","Africa","2003",2.84,2.12,3502519
"Colombia","S.America","2003",4.33,5.68,42152151
"Costa Rica","N.America","2003",5.16,7,4125971
"Caribbean small states","S.America","2003",3.7,4.69,6670276
"Cuba","N.America","2003",9.94,7.1,11244885
"Cyprus","Europe","2003",6.66,5.53,993563
"Czech Republic","Europe","2003",4.14,6.55,10193998
"Djibouti","Africa","2003",8.89,5.58,758615
"Denmark","Europe","2003",8.12,8.9,5390574
"Dominican Republic","N.America","2003",1.84,4.39,8967760
"Egypt, Arab Rep.","Africa","2003",4.95,5.22,73981942
"Spain","Europe","2003",4.17,7.53,42187645
"Estonia","Europe","2003",5.29,4.89,1370720
"Finland","Europe","2003",6.17,7.66,5213014
"France","Europe","2003",5.75,10.04,62244886
"United Kingdom","Europe","2003",4.85,6.85,59647577
"Georgia","Europe","2003",2.07,8.26,4301000
"Guinea","Africa","2003",2.37,3.65,9309848
"Gambia, The","Africa","2003",1.36,4.06,1354194
"Greece","Europe","2003",3.43,8.2,10928070
"Grenada","N.America","2003",3.93,5.22,102375
"Guyana","S.America","2003",6.97,3.22,751857
"Croatia","Europe","2003",3.87,6.36,4440000
"Hungary","Europe","2003",5.79,8.12,10129552
"Indonesia","East Asia & Pacific","2003",3.22,2.3,220545214
"India","Asia","2003",3.66,4.01,1108027848
"Ireland","Europe","2003",4.21,7.01,3996521
"Iran, Islamic Rep.","Asia","2003",4.36,5.13,68812713
"Iceland","Europe","2003",7.32,10.06,289521
"Israel","Asia","2003",6.35,7.1,6689700
"Italy","Europe","2003",4.55,7.86,57313203
"Jamaica","N.America","2003",4.26,4.78,2712511
"Kenya","Africa","2003",6.49,5.17,34130852
"Kyrgyz Republic","Asia","2003",4.48,5.82,5043300
"St. Kitts and Nevis","N.America","2003",3.82,4.79,47306
"Korea, Rep.","Asia","2003",4.13,4.67,47892330
"St. Lucia","N.America","2003",4.24,5.87,160973
"Lesotho","Africa","2003",13.22,5.62,1918097
"Lithuania","Europe","2003",5.11,6.18,3415213
"Latvia","Europe","2003",5.07,5.49,2287955
"Moldova","Europe","2003",5.42,7.02,3612874
"Madagascar","Africa","2003",3.04,4.82,17279141
"Maldives","Asia","2003",5.32,6.78,302209
"Mexico","N.America","2003",5.07,5.81,105640453
"Marshall Islands","Oceania","2003",12.24,19.01,52116
"Mali","Africa","2003",3.81,4.64,12005128
"Mauritania","Africa","2003",3.1,5.12,2957117
"Mauritius","Africa","2003",4.48,3.37,1213370
"Malawi","Africa","2003",3.22,4.67,12336687
"Malaysia","Asia","2003",7.5,2.98,24688703
"Namibia","Africa","2003",6.12,11.09,1986535
"Niger","Africa","2003",2.4,6.08,12656870
"Nicaragua","N.America","2003",2.42,4.85,5240879
"Netherlands","Europe","2003",5.1,8.46,16225302
"Norway","Europe","2003",7.42,9.22,4564855
"Nepal","Asia","2003",3.11,4.4,24950623
"New Zealand","Oceania","2003",6.44,7.72,4027200
"Oman","Asia","2003",3.9,3.17,2385255
"Panama","N.America","2003",4.17,6.75,3209174
"Peru","S.America","2003",2.94,5.12,26937738
"Philippines","Asia","2003",3.04,3.19,83031954
"Poland","Europe","2003",5.33,5.96,38204570
"Portugal","Europe","2003",5.28,8.9,10458821
"Paraguay","S.America","2003",3.95,4.93,5607950
"Qatar","Asia","2003",3.37,3.53,688586
"Romania","Europe","2003",3.42,5.19,21574326
"Russian Federation","Europe","2003",3.68,5.15,144648257
"Saudi Arabia","Asia","2003",7.11,3.98,22556425
"Senegal","Africa","2003",3.51,5.43,10670990
"Singapore","Asia","2003",4.01,3.63,4114826
"Sierra Leone","Africa","2003",3.26,10.83,5199549
"El Salvador","N.America","2003",3.13,7.36,5971535
"Sao Tome and Principe","Africa","2003",3.47,12.36,148372
"Slovak Republic","Europe","2003",4.22,5.46,5373374
"Slovenia","Europe","2003",5.69,8.08,1995733
"Sweden","Europe","2003",6.86,8.46,8958229
"Seychelles","Africa","2003",5.37,4.69,82781
"Syrian Arab Republic","Asia","2003",6.48,5.12,17415266
"Togo","Africa","2003",4.2,3.45,5391401
"Thailand","Asia","2003",3.73,3.24,64554952
"Tajikistan","Asia","2003",2.42,4.7,6576877
"Tonga","Oceania","2003",4.16,3.48,99789
"Trinidad and Tobago","S.America","2003",3.14,4.26,1284052
"Tunisia","Africa","2003",6.82,5.46,9939678
"Turkey","Europe","2003",2.88,5.06,66085803
"Ukraine","Europe","2003",5.6,6.3,47812950
"Uruguay","S.America","2003",2.07,10.45,3325637
"St. Vincent and the Grenadines","N.America","2003",8.64,3.53,108350
"Vanuatu","Asia","2003",8.44,3.51,198964
"South Africa","Africa","2003",4.86,6.91,47648727
"Albania","Europe","2004",3.17,6.56,3026939
"Andorra","Europe","2004",1.52,8.21,76244
"Argentina","S.America","2004",3.49,6.99,38728696
"Armenia","Europe","2004",2.49,8.23,3000612
"Austria","Europe","2004",5.3,9.71,8171966
"Azerbaijan","Asia","2004",3.45,7.34,8306500
"Burundi","Africa","2004",3.74,7.7,7182451
"Benin","Africa","2004",3.51,4.2,7750004
"Bangladesh","Asia","2004",1.94,2.21,141307489
"Bulgaria","Europe","2004",2.34,6.94,7716860
"Belarus","Europe","2004",5.71,5.93,9730146
"Belize","N.America","2004",5.3,4.09,276089
"Brazil","S.America","2004",3.97,8.06,184738458
"Barbados","N.America","2004",5.9,7.17,273091
"Bhutan","Asia","2004",6.42,4.47,640282
"Central African Republic","Africa","2004",1.62,4.2,4055036
"Switzerland","Europe","2004",5.45,11,7389625
"Chile","S.America","2004",3.54,6.9,15973778
"Cote d'Ivoire","Africa","2004",4.13,5.21,17997738
"Cameroon","Africa","2004",3.01,4.05,16959081
"Congo, Rep.","Africa","2004",2.29,2.11,3605439
"Colombia","S.America","2004",4.08,5.18,42724163
"Cabo Verde","Africa","2004",7.48,4.38,467664
"Costa Rica","N.America","2004",4.91,6.66,4187038
"Caribbean small states","S.America","2004",3.91,4.99,6716373
"Cuba","N.America","2004",10.27,6.83,11266941
"Cyprus","Europe","2004",6.08,5.28,1010410
"Czech Republic","Europe","2004",4.01,6.39,10197101
"Djibouti","Africa","2004",9.26,4.67,770752
"Denmark","Europe","2004",8.21,9.01,5404523
"Egypt, Arab Rep.","Africa","2004",4.67,4.86,75381899
"Eritrea","Africa","2004",3.15,5.43,3858623
"Spain","Europe","2004",4.15,7.62,42921895
"Estonia","Europe","2004",4.91,5.09,1362550
"Finland","Europe","2004",6.17,7.79,5228172
"Fiji","Oceania","2004",6.16,3.55,818354
"France","Europe","2004",5.66,10.12,62704895
"United Kingdom","Europe","2004",4.77,7.05,59987905
"Georgia","Europe","2004",2.91,8.32,4245000
"Ghana","Africa","2004",7.54,4.08,20986536
"Guinea","Africa","2004",2.21,3.37,9490229
"Gambia, The","Africa","2004",1.03,4.36,1398573
"Greece","Europe","2004",3.67,7.93,10955141
"Guyana","S.America","2004",5.53,3.17,751652
"Croatia","Europe","2004",3.82,6.58,4439000
"Hungary","Europe","2004",5.33,7.76,10107146
"Indonesia","East Asia & Pacific","2004",2.75,2.17,223614649
"India","Asia","2004",3.4,3.96,1126135777
"Ireland","Europe","2004",4.49,7.23,4070262
"Iran, Islamic Rep.","Asia","2004",4.3,5.19,69617100
"Iceland","Europe","2004",7.21,9.54,292074
"Israel","Asia","2004",5.95,7.03,6809000
"Italy","Europe","2004",4.4,8.19,57685327
"Jamaica","N.America","2004",3.91,5.49,2728777
"Kazakhstan","Europe","2004",2.26,3.98,15012985
"Kenya","Africa","2004",6.8,5.34,35074931
"Kyrgyz Republic","Asia","2004",4.62,6.2,5104700
"Cambodia","Asia","2004",1.72,7.09,13063377
"St. Kitts and Nevis","N.America","2004",4.01,4.53,47971
"Korea, Rep.","Asia","2004",4.12,4.64,48082519
"Kuwait","Asia","2004",5.54,2.76,2207939
"Lao PDR","Asia","2004",2.41,3.54,5664605
"Lebanon","Asia","2004",2.67,8,3863267
"St. Lucia","N.America","2004",4.1,5.31,162251
"Lesotho","Africa","2004",11.11,5.63,1933728
"Lithuania","Europe","2004",5.17,5.51,3377075
"Latvia","Europe","2004",4.86,6.23,2263122
"Monaco","Europe","2004",1.24,2.13,33314
"Moldova","Europe","2004",6.77,8.97,3603945
"Madagascar","Africa","2004",3.26,5.49,17802997
"Maldives","Asia","2004",4.66,7.48,310423
"Mexico","N.America","2004",4.73,5.95,106995583
"Mali","Africa","2004",3.86,5.21,12391906
"Malta","Europe","2004",4.46,8.12,401268
"Mongolia","Asia","2004",4.33,3.57,2496832
"Mozambique","Africa","2004",3.72,5.04,20312705
"Mauritania","Africa","2004",2.52,4.61,3042823
"Mauritius","Africa","2004",4.47,3.51,1221003
"Malaysia","Asia","2004",5.92,2.92,25174109
"Netherlands","Europe","2004",5.11,8.52,16281779
"Norway","Europe","2004",7.3,8.83,4591910
"Nepal","Asia","2004",3.17,4.62,25309449
"New Zealand","Oceania","2004",6.51,7.9,4087500
"Oman","Asia","2004",4.03,2.98,2444751
"Pakistan","Asia","2004",1.95,2.35,150780300
"Panama","N.America","2004",3.58,7.11,3269541
"Peru","S.America","2004",2.96,4.79,27273194
"Philippines","Asia","2004",2.57,3.17,84678493
"Poland","Europe","2004",5.36,5.87,38182222
"Portugal","Europe","2004",5.04,9.3,10483861
"Paraguay","S.America","2004",3.44,4.99,5703740
"Qatar","Asia","2004",3.46,3.07,758855
"Romania","Europe","2004",3.26,5.39,21451748
"Russian Federation","Europe","2004",3.55,4.75,144067054
"Saudi Arabia","Asia","2004",6.28,3.58,23228890
"Sudan","Africa","2004",1.63,4.16,30186341
"Senegal","Africa","2004",3.85,5.72,10955944
"Singapore","Asia","2004",3.68,3.17,4166664
"Sierra Leone","Africa","2004",3.11,10.96,5439695
"Sao Tome and Principe","Africa","2004",3.55,11.59,151969
"Slovak Republic","Europe","2004",4.11,6.48,5372280
"Slovenia","Europe","2004",5.64,7.93,1997012
"Sweden","Europe","2004",6.72,8.26,8993531
"Syrian Arab Republic","Asia","2004",5.37,4.48,17806638
"Chad","Africa","2004",1.59,5.5,9710043
"Togo","Africa","2004",3.62,3.65,5534598
"Thailand","Asia","2004",4.03,3.14,65002231
"Tajikistan","Asia","2004",2.77,4.8,6712841
"Tonga","Oceania","2004",3.91,4.47,100406
"Tunisia","Africa","2004",6.72,5.45,10017601
"Turkey","Europe","2004",3.02,4.96,67007855
"Tanzania","Africa","2004",4.65,5.67,38249984
"Uganda","Africa","2004",4.95,10.29,27568436
"Ukraine","Europe","2004",5.31,5.94,47451600
"Uruguay","S.America","2004",2.5,9.02,3324096
"South Africa","Africa","2004",5.07,6.81,48247395
"Zambia","Africa","2004",2.46,7.05,11731746
"Angola","Africa","2005",2.78,3.73,19552542
"Albania","Europe","2005",3.24,6.34,3011487
"Andorra","Europe","2005",1.6,8.57,78867
"Argentina","S.America","2005",3.86,7.63,39145488
"Armenia","Europe","2005",2.71,7.03,2981259
"Australia","Oceania","2005",4.92,8,20394800
"Austria","Europe","2005",5.25,9.63,8227829
"Azerbaijan","Asia","2005",2.97,7.4,8391850
"Burundi","Africa","2005",3.63,8.42,7423289
"Benin","Africa","2005",3.63,4.01,7982225
"Burkina Faso","Africa","2005",4.43,4.44,13421930
"Bulgaria","Europe","2005",4.14,6.94,7658972
"Belarus","Europe","2005",5.87,6.28,9663915
"Brazil","S.America","2005",4.48,8.25,186917361
"Barbados","N.America","2005",5.56,6.63,274009
"Bhutan","Asia","2005",7.08,4.02,656639
"Botswana","Africa","2005",10.68,5.26,1855852
"Central African Republic","Africa","2005",1.65,4.76,4127910
"Canada","N.America","2005",4.78,9.06,32312000
"Switzerland","Europe","2005",5.2,10.82,7437115
"Chile","S.America","2005",3.26,6.59,16147064
"Cote d'Ivoire","Africa","2005",4.11,5.35,18336303
"Cameroon","Africa","2005",2.89,4.14,17420795
"Congo, Rep.","Africa","2005",1.84,1.88,3718243
"Colombia","S.America","2005",4,5.53,43285634
"Caribbean small states","S.America","2005",4.62,4.79,6761932
"Cuba","N.America","2005",10.56,8.75,11284253
"Cyprus","Europe","2005",6.2,5.29,1027658
"Czech Republic","Europe","2005",3.89,6.38,10211216
"Djibouti","Africa","2005",8.37,4.53,783254
"Denmark","Europe","2005",8.09,9.09,5419432
"Egypt, Arab Rep.","Africa","2005",4.79,4.92,76778149
"Spain","Europe","2005",4.13,7.68,43653155
"Estonia","Europe","2005",4.84,4.96,1354775
"Finland","Europe","2005",6.04,8,5246096
"Fiji","Oceania","2005",5.12,3.56,821817
"France","Europe","2005",5.52,10.18,63179351
"United Kingdom","Europe","2005",4.98,7.19,60401206
"Georgia","Europe","2005",2.48,8.3,4190000
"Ghana","Africa","2005",7.42,5.33,21542009
"Guinea","Africa","2005",1.85,2.95,9679745
"Gambia, The","Africa","2005",1.14,4.91,1444204
"Greece","Europe","2005",3.96,9,10987314
"Guyana","S.America","2005",8.14,3.37,750946
"Hungary","Europe","2005",5.33,8,10087065
"Indonesia","East Asia & Pacific","2005",2.87,2.58,226712730
"India","Asia","2005",3.23,3.79,1144118674
"Ireland","Europe","2005",4.52,7.65,4159914
"Iran, Islamic Rep.","Asia","2005",4.06,5.31,70421811
"Iceland","Europe","2005",7.41,9.21,296734
"Israel","Asia","2005",5.76,7.13,6930100
"Italy","Europe","2005",4.25,8.36,57969484
"Jamaica","N.America","2005",4.62,4.63,2744673
"Kazakhstan","Europe","2005",2.26,3.9,15147029
"Kenya","Africa","2005",7.34,5.31,36048288
"Kyrgyz Republic","Asia","2005",4.87,7.45,5162600
"St. Kitts and Nevis","N.America","2005",3.86,4.76,48611
"Korea, Rep.","Asia","2005",3.9,4.89,48184561
"Kuwait","Asia","2005",4.74,2.38,2276623
"Lao PDR","Asia","2005",2.41,3.34,5754026
"Lebanon","Asia","2005",2.67,7.55,3986852
"St. Lucia","N.America","2005",5.06,5.43,163714
"Lesotho","Africa","2005",12.08,5.07,1949543
"Lithuania","Europe","2005",4.87,5.64,3322528
"Moldova","Europe","2005",7.16,9.56,3595187
"Madagascar","Africa","2005",3.85,5.53,18336724
"Maldives","Asia","2005",5.02,8.83,318836
"Mexico","N.America","2005",4.85,5.84,108472228
"Mali","Africa","2005",3.52,4.98,12798763
"Mozambique","Africa","2005",4.43,6.44,20923070
"Mauritius","Africa","2005",4.2,3.72,1228254
"Netherlands","Europe","2005",5.16,9.27,16319868
"Norway","Europe","2005",6.87,8.33,4623291
"Nepal","Asia","2005",3.36,4.51,25640287
"New Zealand","Oceania","2005",6.28,8.27,4133900
"Oman","Asia","2005",3.52,2.59,2511269
"Pakistan","Asia","2005",2.25,2.71,153909667
"Peru","S.America","2005",2.84,4.55,27610410
"Philippines","Asia","2005",2.43,3.9,86274237
"Poland","Europe","2005",5.43,5.81,38165445
"Portugal","Europe","2005",5.07,9.43,10503330
"Qatar","Asia","2005",3.97,2.57,864863
"Romania","Europe","2005",3.46,5.46,21319685
"Russian Federation","Europe","2005",3.77,4.76,143518523
"Saudi Arabia","Asia","2005",5.43,3.42,23905654
"Sudan","Africa","2005",1.56,4.09,30911914
"Senegal","Africa","2005",5.14,4.61,11251266
"Singapore","Asia","2005",3.22,3.04,4265762
"Sierra Leone","Africa","2005",2.8,11.04,5658379
"El Salvador","N.America","2005",3.18,7.19,6028961
"Sao Tome and Principe","Africa","2005",5.3,11.17,155630
"Slovak Republic","Europe","2005",3.77,6.6,5372807
"Slovenia","Europe","2005",5.58,7.97,2000474
"Sweden","Europe","2005",6.56,8.28,9029572
"Chad","Africa","2005",1.69,4.84,10067009
"Togo","Africa","2005",3.41,3.92,5683268
"Thailand","Asia","2005",3.94,3.16,65425470
"Tajikistan","Asia","2005",3.51,5.21,6854176
"Tunisia","Africa","2005",6.45,5.4,10102482
"Tanzania","Africa","2005",4.61,6.34,39410545
"Ukraine","Europe","2005",6.06,6.11,47105150
"Uruguay","S.America","2005",2.71,8.43,3325612
"St. Vincent and the Grenadines","N.America","2005",6.35,3.34,108744
"South Africa","Africa","2005",5.06,6.71,48820586
"Zambia","Africa","2005",1.74,6.86,12052156
"Angola","Africa","2006",2.86,3.37,20262399
"Albania","Europe","2006",3.16,5.93,2992547
"Andorra","Europe","2006",2.19,8.43,80991
"Argentina","S.America","2006",4.13,7.57,39558890
"Armenia","Europe","2006",2.72,5.59,2958500
"Australia","Oceania","2006",4.75,8,20697900
"Austria","Europe","2006",5.23,9.53,8268641
"Azerbaijan","Asia","2006",2.56,5.75,8484550
"Benin","Africa","2006",3.5,4.06,8216896
"Burkina Faso","Africa","2006",4.48,5.08,13829177
"Bangladesh","Asia","2006",2.13,2.32,145368004
"Bulgaria","Europe","2006",3.93,6.57,7601022
"Bahrain","Asia","2006",2.87,3.06,958414
"Belarus","Europe","2006",6.08,5.76,9604924
"Bolivia","S.America","2006",6.31,4.59,9283334
"Brazil","S.America","2006",4.87,8.34,189012412
"Central African Republic","Africa","2006",1.42,4.46,4201758
"Switzerland","Europe","2006",4.96,10.21,7483934
"Chile","S.America","2006",3.02,6.04,16319792
"Cote d'Ivoire","Africa","2006",4,5.81,18699435
"Cameroon","Africa","2006",2.74,4.1,17899562
"Colombia","S.America","2006",3.89,5.78,43835722
"Cabo Verde","Africa","2006",6.53,4.49,480795
"Costa Rica","N.America","2006",4.64,6.97,4308794
"Cuba","N.America","2006",9.06,8.27,11296233
"Cyprus","Europe","2006",6.23,5.31,1045509
"Czech Republic","Europe","2006",4.22,6.2,10238905
"Germany","Europe","2006",4.28,10.11,82376451
"Djibouti","Africa","2006",8.28,4.89,796208
"Denmark","Europe","2006",7.73,9.17,5437272
"Egypt, Arab Rep.","Africa","2006",4,4.84,78159048
"Eritrea","Africa","2006",2.13,5.31,4066648
"Spain","Europe","2006",4.17,7.76,44397319
"Ethiopia","Africa","2006",5.49,4.23,78850689
"Finland","Europe","2006",5.94,8,5266268
"Fiji","Oceania","2006",5.61,3.66,827411
"France","Europe","2006",5.46,10.33,63621381
"United Kingdom","Europe","2006",5.02,7.33,60846820
"Georgia","Europe","2006",3,7.84,4136000
"Ghana","Africa","2006",5.26,5.33,22113425
"Gambia, The","Africa","2006",1.21,5.47,1491021
"Guatemala","N.America","2006",2.98,6.57,13397008
"Guyana","S.America","2006",5.09,3.99,749601
"Hungary","Europe","2006",5.31,7.81,10071370
"India","Asia","2006",3.19,3.63,1161977719
"Ireland","Europe","2006",4.55,7.51,4273591
"Iran, Islamic Rep.","Asia","2006",4.29,5.2,71227880
"Iceland","Europe","2006",7.37,8.92,303782
"Israel","Asia","2006",5.76,6.93,7053700
"Italy","Europe","2006",4.54,8.46,58143979
"Kazakhstan","Europe","2006",2.63,3.39,15308084
"Kenya","Africa","2006",7.05,5.87,37052050
"Kyrgyz Republic","Asia","2006",5.55,8.31,5218400
"St. Kitts and Nevis","N.America","2006",4.11,5.05,49210
"Korea, Rep.","Asia","2006",3.97,5.24,48438292
"Kuwait","Asia","2006",3.76,2.25,2377258
"Lao PDR","Asia","2006",2.96,2.93,5849356
"Lebanon","Asia","2006",2.81,8.65,4057350
"St. Lucia","N.America","2006",5.25,5.87,165407
"Lesotho","Africa","2006",11.27,5.69,1965662
"Lithuania","Europe","2006",4.82,5.84,3269909
"Latvia","Europe","2006",4.71,5.74,2218357
"Moldova","Europe","2006",7.5,10.54,3585209
"Madagascar","Africa","2006",3.28,5.62,18880268
"Maldives","Asia","2006",4.65,8.05,327371
"Mexico","N.America","2006",4.7,5.66,110092378
"Mozambique","Africa","2006",4.27,6.16,21547463
"Mauritania","Africa","2006",2.52,3.4,3220653
"Mauritius","Africa","2006",3.82,3.82,1233996
"Malaysia","Asia","2006",4.49,3.17,26143566
"Namibia","Africa","2006",6.04,12.14,2055734
"Niger","Africa","2006",3.33,7.76,14132064
"Netherlands","Europe","2006",5.09,9.18,16346101
"Norway","Europe","2006",6.39,7.92,4660677
"Nepal","Asia","2006",3.61,4.04,25940618
"New Zealand","Oceania","2006",5.95,8.63,4184600
"Oman","Asia","2006",3.86,2.31,2582991
"Pakistan","Asia","2006",2.63,3.01,157093993
"Peru","S.America","2006",2.65,4.51,27949944
"Philippines","Asia","2006",2.53,3.95,87809419
"Poland","Europe","2006",5.21,5.8,38141267
"Portugal","Europe","2006",4.91,9.14,10522288
"Romania","Europe","2006",4.25,5.01,21193760
"Russian Federation","Europe","2006",3.87,4.75,143049528
"Saudi Arabia","Asia","2006",5.89,3.62,24578301
"Sudan","Africa","2006",1.96,4.89,31607064
"Senegal","Africa","2006",4.77,4.64,11556763
"Singapore","Asia","2006",2.87,2.95,4401365
"El Salvador","N.America","2006",3.49,6.68,6056478
"Sao Tome and Principe","Africa","2006",4.57,8.01,159328
"Slovak Republic","Europe","2006",3.71,6.86,5373054
"Slovenia","Europe","2006",5.58,7.8,2006868
"Sweden","Europe","2006",6.41,8.16,9080505
"Seychelles","Africa","2006",4.77,3.69,84600
"Syrian Arab Republic","Asia","2006",5.35,3.78,18914977
"Togo","Africa","2006",3.66,4.11,5837792
"Thailand","Asia","2006",4.05,3.1,65824164
"Tajikistan","Asia","2006",3.4,5.03,7000557
"Tunisia","Africa","2006",6.44,5.38,10196136
"Turkey","Europe","2006",2.75,5.19,68763405
"Tanzania","Africa","2006",3.27,7.64,40634948
"Ukraine","Europe","2006",6.21,6.18,46787750
"Uruguay","S.America","2006",2.88,8.52,3331043
"Venezuela, RB","S.America","2006",3.67,5.18,27239168
"South Africa","Africa","2006",5.07,6.59,49364582
"Albania","Europe","2007",3.27,6.13,2970017
"Andorra","Europe","2007",2.07,8.43,82683
"Argentina","S.America","2007",4.46,7.62,39970224
"Armenia","Europe","2007",3.02,5.45,2933056
"Australia","Oceania","2007",4.67,8.08,20827600
"Austria","Europe","2007",5.15,9.53,8295487
"Azerbaijan","Asia","2007",2.55,4.72,8581300
"Benin","Africa","2007",3.23,3.95,8454791
"Burkina Faso","Africa","2007",4.59,5.89,14252021
"Bangladesh","Asia","2007",2.2,2.39,147139191
"Bulgaria","Europe","2007",3.68,6.16,7545338
"Bahrain","Asia","2007",2.58,3.3,1035891
"Belarus","Europe","2007",5.15,5.89,9560953
"Brazil","S.America","2007",4.97,8.28,191026637
"Barbados","N.America","2007",5.18,6.06,276150
"Botswana","Africa","2007",8.85,5.25,1914414
"Central African Republic","Africa","2007",1.31,4.77,4275800
"Canada","N.America","2007",4.78,9.3,32887928
"Switzerland","Europe","2007",4.69,10.02,7551117
"Chile","S.America","2007",3.21,6.18,16491687
"Cote d'Ivoire","Africa","2007",4.26,6.26,19085941
"Cameroon","Africa","2007",3.08,4.16,18395389
"Colombia","S.America","2007",4.06,5.77,44374572
"Cabo Verde","Africa","2007",5.41,4.19,486438
"Costa Rica","N.America","2007",4.66,7.03,4369469
"Caribbean small states","S.America","2007",5.49,4.92,6851221
"Cuba","N.America","2007",11.87,10.97,11303687
"Cyprus","Europe","2007",6.25,5.19,1063712
"Czech Republic","Europe","2007",3.87,6.02,10298828
"Germany","Europe","2007",4.34,9.97,82266372
"Djibouti","Africa","2007",8.41,4.79,809402
"Denmark","Europe","2007",7.62,9.33,5461438
"Dominican Republic","N.America","2007",2.05,4.21,9504353
"Egypt, Arab Rep.","Africa","2007",3.68,4.44,79537253
"Spain","Europe","2007",4.23,7.84,45226803
"Estonia","Europe","2007",4.66,5.03,1340680
"Ethiopia","Africa","2007",5.45,4.8,81000409
"Finland","Europe","2007",5.69,7.83,5288720
"Fiji","Oceania","2007",5.85,3.73,834812
"France","Europe","2007",5.46,10.26,64016227
"United Kingdom","Europe","2007",4.95,7.43,61322463
"Georgia","Europe","2007",2.7,7.65,4082000
"Ghana","Africa","2007",5.52,5.39,22700212
"Gambia, The","Africa","2007",1.31,5.72,1539116
"Guatemala","N.America","2007",3.04,6.36,13700286
"Guyana","S.America","2007",3.75,4.04,747869
"Croatia","Europe","2007",3.97,7.47,4436000
"Hungary","Europe","2007",5.15,7.22,10055780
"Indonesia","East Asia & Pacific","2007",3.04,2.88,232989141
"Ireland","Europe","2007",4.71,7.8,4398942
"Iran, Islamic Rep.","Asia","2007",4.6,5.04,72031103
"Iceland","Europe","2007",7.05,8.71,311566
"Israel","Asia","2007",5.51,6.92,7180100
"Italy","Europe","2007",4.12,8.16,58438310
"Jamaica","N.America","2007",5.49,5.12,2775467
"Kazakhstan","Europe","2007",2.83,2.7,15484192
"Kyrgyz Republic","Asia","2007",6.47,6.93,5268400
"Cambodia","Asia","2007",1.6,4.9,13676693
"St. Kitts and Nevis","N.America","2007",4.29,4.91,49783
"Korea, Rep.","Asia","2007",3.95,5.42,48683638
"Lao PDR","Asia","2007",3.08,3.15,5949787
"Lebanon","Asia","2007",2.61,8.54,4086466
"Lithuania","Europe","2007",4.59,5.76,3231294
"Latvia","Europe","2007",4.66,5.77,2200325
"Moldova","Europe","2007",8.29,11.02,3576910
"Madagascar","Africa","2007",3.37,5.21,19433523
"Maldives","Asia","2007",4.42,8.31,336070
"Mexico","N.America","2007",4.69,5.77,111836346
"Malta","Europe","2007",5.98,8.21,406724
"Mongolia","Asia","2007",4.69,2.84,2591670
"Mauritius","Africa","2007",3.19,3.73,1239630
"Malaysia","Asia","2007",4.37,3.12,26625845
"Niger","Africa","2007",4.02,7.29,14668338
"Netherlands","Europe","2007",4.93,9.24,16381696
"Norway","Europe","2007",6.53,8.05,4709153
"Nepal","Asia","2007",3.52,4.19,26214847
"New Zealand","Oceania","2007",5.92,8.32,4223800
"Pakistan","Asia","2007",2.64,3.14,160332974
"Peru","S.America","2007",2.63,4.39,28292724
"Philippines","Asia","2007",2.6,3.92,89293490
"Poland","Europe","2007",4.87,5.87,38120560
"Portugal","Europe","2007",4.92,9.07,10542964
"Paraguay","S.America","2007",3.55,5.38,5966159
"Romania","Europe","2007",4.12,4.98,20882982
"Rwanda","Africa","2007",4.24,9.59,9447402
"Singapore","Asia","2007",2.96,2.85,4588599
"Solomon Islands","Oceania","2007",9.88,8.75,492940
"Sierra Leone","Africa","2007",2.56,10.04,6015417
"El Salvador","N.America","2007",3.61,6.32,6083475
"Serbia","Europe","2007",4.51,10.05,7381579
"Sao Tome and Principe","Africa","2007",6.48,8.03,163101
"Slovak Republic","Europe","2007",3.53,7.19,5374622
"Slovenia","Europe","2007",5.11,7.49,2018122
"Sweden","Europe","2007",6.22,8.07,9148092
"Syrian Arab Republic","Asia","2007",4.87,3.72,19632806
"Togo","Africa","2007",3.7,4.39,5997385
"Thailand","Asia","2007",3.6,3.19,66195615
"Tajikistan","Asia","2007",3.41,5.54,7152385
"Tunisia","Africa","2007",6.47,5.43,10298087
"Tanzania","Africa","2007",4.04,6.92,41923715
"Ukraine","Europe","2007",6.15,5.8,46509350
"St. Vincent and the Grenadines","N.America","2007",5.95,3.33,109047
"Venezuela, RB","S.America","2007",3.63,5.77,27691965
"South Africa","Africa","2007",4.97,6.43,49887181
"Zambia","Africa","2007",1.24,4.35,12725974
"Andorra","Europe","2008",2.93,8.79,83861
"Argentina","S.America","2008",4.84,7.66,40382389
"Armenia","Europe","2008",3.17,4.35,2908220
"Australia","Oceania","2008",4.64,8.27,21249200
"Austria","Europe","2008",5.26,9.73,8321496
"Azerbaijan","Asia","2008",2.44,4,8763400
"Burundi","Africa","2008",5.19,9.24,8212264
"Benin","Africa","2008",3.8,3.68,8696916
"Bangladesh","Asia","2008",2.05,2.35,148805814
"Bulgaria","Europe","2008",4.22,6.29,7492561
"Bahrain","Asia","2008",2.5,3.29,1114590
"Belize","N.America","2008",5.69,4.65,306165
"Bolivia","S.America","2008",7.04,4.53,9599855
"Brazil","S.America","2008",5.27,8.12,192979029
"Barbados","N.America","2008",5.09,6.48,277319
"Bhutan","Asia","2008",4.8,3.3,700950
"Central African Republic","Africa","2008",1.29,4.02,4345386
"Canada","N.America","2008",4.64,9.46,33245773
"Switzerland","Europe","2008",4.87,10.15,7647675
"Chile","S.America","2008",3.79,6.74,16661942
"Cote d'Ivoire","Africa","2008",4.34,6.12,19497986
"Cameroon","Africa","2008",2.61,4.4,18907008
"Colombia","S.America","2008",3.91,6.03,44901544
"Comoros","Africa","2008",7.71,8.99,657229
"Cabo Verde","Africa","2008",5.52,3.58,491723
"Costa Rica","N.America","2008",4.92,7.51,4429508
"Caribbean small states","S.America","2008",6.19,4.75,6895315
"Cuba","N.America","2008",14.06,11.31,11309754
"Cyprus","Europe","2008",6.72,6.02,1081563
"Czech Republic","Europe","2008",3.74,6.36,10384603
"Germany","Europe","2008",4.41,10.15,82110097
"Denmark","Europe","2008",7.48,9.51,5493621
"Algeria","Africa","2008",4.34,4.2,34860715
"Egypt, Arab Rep.","Africa","2008",3.76,4.47,80953881
"Spain","Europe","2008",4.5,8.29,45954106
"Estonia","Europe","2008",5.52,5.75,1337090
"Ethiopia","Africa","2008",5.41,4.28,83184892
"Finland","Europe","2008",5.85,8.08,5313399
"Fiji","Oceania","2008",4.25,3.45,843340
"France","Europe","2008",5.45,10.45,64374989
"United Kingdom","Europe","2008",4.94,7.68,61806995
"Georgia","Europe","2008",2.92,8.68,4030000
"Ghana","Africa","2008",5.76,5.54,23298640
"Guinea","Africa","2008",1.58,2.76,10323142
"Gambia, The","Africa","2008",3.53,5.92,1588572
"Guatemala","N.America","2008",3.18,6.22,14006366
"Croatia","Europe","2008",4.27,7.7,4434508
"Hungary","Europe","2008",4.98,7.1,10038188
"Indonesia","East Asia & Pacific","2008",2.9,2.61,236159276
"Ireland","Europe","2008",5.44,9.1,4489544
"Iran, Islamic Rep.","Asia","2008",3.91,5.28,72845542
"Iceland","Europe","2008",7.2,8.71,317414
"Israel","Asia","2008",5.54,7,7308800
"Italy","Europe","2008",4.4,8.56,58826731
"Jamaica","N.America","2008",6.19,5.2,2790122
"Kazakhstan","Europe","2008",2.59,3.04,15674000
"Kyrgyz Republic","Asia","2008",5.91,6.53,5318700
"Korea, Rep.","Asia","2008",4.46,5.71,49054708
"Lao PDR","Asia","2008",2.28,2.77,6052190
"Lebanon","Asia","2008",2.01,7.79,4111047
"Liberia","Africa","2008",3.16,7.39,3662993
"St. Lucia","N.America","2008",4.69,5.88,169220
"Lesotho","Africa","2008",11.39,7.27,1999930
"Lithuania","Europe","2008",4.83,6.29,3198231
"Latvia","Europe","2008",5.41,5.63,2177322
"Morocco","Africa","2008",5.34,5.3,31596855
"Moldova","Europe","2008",8.24,10.95,3570108
"Madagascar","Africa","2008",2.91,4.52,19996469
"Maldives","Asia","2008",4.47,11.47,345054
"Mexico","N.America","2008",4.82,5.41,113661809
"Mali","Africa","2008",3.42,4.81,14138216
"Malta","Europe","2008",5.57,7.97,409379
"Mauritania","Africa","2008",3.55,3.8,3407541
"Mauritius","Africa","2008",3.06,4.14,1244121
"Malaysia","Asia","2008",3.96,3.08,27111069
"Namibia","Africa","2008",6.48,9.85,2106375
"Niger","Africa","2008",3.66,6.99,15228525
"Netherlands","Europe","2008",5.09,9.51,16445593
"Norway","Europe","2008",6.28,7.96,4768212
"Nepal","Asia","2008",3.81,4.35,26475859
"New Zealand","Oceania","2008",5.51,9.11,4259800
"Pakistan","Asia","2008",2.75,2.92,163644603
"Panama","N.America","2008",3.5,6.74,3516268
"Peru","S.America","2008",2.87,4.44,28641980
"Philippines","Asia","2008",2.69,4.03,90751864
"Poland","Europe","2008",5.04,6.37,38125759
"Portugal","Europe","2008",4.7,9.35,10558177
"Qatar","Asia","2008",4.23,1.6,1389342
"Romania","Europe","2008",4.11,5.04,20537875
"Russian Federation","Europe","2008",4.1,4.89,142742350
"Rwanda","Africa","2008",3.73,9.05,9708169
"Saudi Arabia","Asia","2008",5.14,2.97,25940770
"Sudan","Africa","2008",2.2,5.42,32955496
"Senegal","Africa","2008",5.05,4.29,12203957
"Singapore","Asia","2008",2.78,3.22,4839396
"Solomon Islands","Oceania","2008",8.8,8.07,504477
"Sierra Leone","Africa","2008",2.41,9.87,6165372
"El Salvador","N.America","2008",4.46,6.22,6110301
"Serbia","Europe","2008",4.71,10.06,7350222
"Sao Tome and Principe","Africa","2008",5.55,7.1,166913
"Slovak Republic","Europe","2008",3.53,6.97,5379233
"Slovenia","Europe","2008",5.11,7.85,2021316
"Sweden","Europe","2008",6.39,8.31,9219637
"Syrian Arab Republic","Asia","2008",4.6,3.4,20325443
"Togo","Africa","2008",3.44,4.39,6161796
"Thailand","Asia","2008",3.51,3.46,66545760
"Tajikistan","Asia","2008",3.46,5.91,7309728
"Timor-Leste","East Asia & Pacific","2008",1.28,1.03,1078110
"Tunisia","Africa","2008",6.27,5.42,10407336
"Tanzania","Africa","2008",4.25,5.58,43270144
"Ukraine","Europe","2008",6.43,5.29,46258200
"Vietnam","Asia","2008",4.89,5.15,86707801
"Vanuatu","Asia","2008",5.78,3.05,225340
"Samoa","Oceania","2008",5.14,4.66,183526
"Yemen, Rep.","Asia","2008",5.15,5.76,22356391
"South Africa","Africa","2008",4.87,6.55,50412129
"Zambia","Africa","2008",1.1,4.01,13082517
"Andorra","Europe","2009",3.15,9.03,84462
"Argentina","S.America","2009",5.53,9.01,40799407
"Armenia","Europe","2009",3.84,4.69,2888584
"Antigua and Barbuda","N.America","2009",2.52,4.54,93581
"Australia","Oceania","2009",5.09,8.58,21691700
"Austria","Europe","2009",5.73,10.23,8343323
"Azerbaijan","Asia","2009",3.22,5.39,8947243
"Burundi","Africa","2009",6.32,10.35,8489031
"Benin","Africa","2009",4.22,3.86,8944706
"Bangladesh","Asia","2009",1.94,2.4,150454708
"Bulgaria","Europe","2009",4.29,6.61,7444443
"Belarus","Europe","2009",4.52,5.39,9506765
"Belize","N.America","2009",6.1,5.31,313929
"Bolivia","S.America","2009",8.08,5.08,9758748
"Brazil","S.America","2009",5.46,8.45,194895996
"Barbados","N.America","2009",5.31,7.15,278470
"Bhutan","Asia","2009",4.63,3.46,714458
"Botswana","Africa","2009",9.63,6.75,1979882
"Central African Republic","Africa","2009",1.3,4.35,4404230
"Canada","N.America","2009",4.85,10.57,33628571
"Switzerland","Europe","2009",5.04,10.81,7743831
"Chile","S.America","2009",4.23,7.21,16829442
"Cote d'Ivoire","Africa","2009",4.41,6.22,19936366
"Cameroon","Africa","2009",3.11,4.33,19432541
"Colombia","S.America","2009",4.75,6.4,45416181
"Cabo Verde","Africa","2009",5.31,3.88,496963
"Costa Rica","N.America","2009",6.05,7.91,4488263
"Caribbean small states","S.America","2009",6.2,5.56,6939534
"Cuba","N.America","2009",13.12,12.29,11318602
"Cyprus","Europe","2009",7.21,6.46,1098076
"Czech Republic","Europe","2009",4.17,7.29,10443936
"Germany","Europe","2009",4.88,11.14,81902307
"Denmark","Europe","2009",8.45,10.67,5523095
"Ecuador","S.America","2009",4.34,6.44,14691275
"Spain","Europe","2009",4.87,8.99,46362946
"Estonia","Europe","2009",5.95,6.54,1334515
"Ethiopia","Africa","2009",4.42,4.41,85416253
"Finland","Europe","2009",6.49,8.87,5338871
"Fiji","Oceania","2009",4.5,3.83,851967
"France","Europe","2009",5.75,11.24,64707044
"United Kingdom","Europe","2009",5.13,8.53,62276270
"Georgia","Europe","2009",3.22,9.84,3978000
"Ghana","Africa","2009",5.32,6.15,23903831
"Guinea","Africa","2009",2.21,2.94,10556524
"Gambia, The","Africa","2009",3.07,5.78,1639560
"Guyana","S.America","2009",3.3,4.6,745693
"Croatia","Europe","2009",4.39,8.16,4429078
"Hungary","Europe","2009",4.96,7.25,10022650
"Indonesia","East Asia & Pacific","2009",3.53,2.68,239340478
"India","Asia","2009",3.31,3.49,1214270132
"Ireland","Europe","2009",6.14,10.49,4535375
"Iran, Islamic Rep.","Asia","2009",3.84,6.56,73687565
"Iceland","Europe","2009",7.31,9.02,318499
"Israel","Asia","2009",5.5,7.09,7485600
"Italy","Europe","2009",4.54,8.98,59095365
"Jamaica","N.America","2009",6.2,4.96,2804082
"Kazakhstan","Europe","2009",3.06,3.49,16092822
"Kyrgyz Republic","Asia","2009",6.23,6.9,5383300
"Cambodia","Asia","2009",1.67,7.58,14090208
"Korea, Rep.","Asia","2009",4.67,6.12,49307835
"Lao PDR","Asia","2009",1.65,3.46,6152036
"Lebanon","Asia","2009",1.76,6.99,4183156
"St. Lucia","N.America","2009",3.44,5.55,171022
"Sri Lanka","Asia","2009",2.06,4.19,20075086
"Lithuania","Europe","2009",5.58,7.36,3162916
"Latvia","Europe","2009",5.57,6.15,2141669
"Morocco","Africa","2009",5.26,5.84,31989897
"Monaco","Europe","2009",1.33,2.28,36534
"Moldova","Europe","2009",9.51,13.68,3565604
"Madagascar","Africa","2009",3.18,4.83,20569121
"Maldives","Asia","2009",5.77,10.09,354501
"Mexico","N.America","2009",5.19,5.78,115505228
"Mali","Africa","2009",3.87,4.7,14606597
"Malta","Europe","2009",5.17,8.08,412477
"Mongolia","Asia","2009",5.14,2.99,2668289
"Mauritius","Africa","2009",3.05,4.37,1247429
"Malaysia","Asia","2009",5.97,3.32,27605383
"Niger","Africa","2009",4.53,7.13,15813913
"Netherlands","Europe","2009",5.5,10.24,16530388
"Norway","Europe","2009",7.1,9.06,4828726
"Nepal","Asia","2009",4.66,4.45,26741103
"New Zealand","Oceania","2009",6.28,9.62,4302600
"Oman","Asia","2009",4.19,2.83,2882942
"Pakistan","Asia","2009",2.59,2.61,167049580
"Peru","S.America","2009",3.14,4.96,29001507
"Philippines","Asia","2009",2.65,4.35,92220879
"Poland","Europe","2009",4.99,6.59,38151603
"Portugal","Europe","2009",5.56,9.88,10568247
"Qatar","Asia","2009",3.41,2.15,1590780
"Romania","Europe","2009",4.04,5.32,20367487
"Sudan","Africa","2009",2.22,6.23,33650619
"Senegal","Africa","2009",6.19,4.69,12550917
"Singapore","Asia","2009",3.03,3.4,4987573
"Solomon Islands","Oceania","2009",8.97,7.9,516079
"Sierra Leone","Africa","2009",2.78,11.1,6310260
"El Salvador","N.America","2009",4.66,6.84,6137276
"Serbia","Europe","2009",4.75,9.91,7320807
"Sao Tome and Principe","Africa","2009",10.68,7.19,170813
"Slovak Republic","Europe","2009",4.01,7.96,5386406
"Slovenia","Europe","2009",5.57,8.56,2039669
"Sweden","Europe","2009",6.86,8.94,9298515
"Syrian Arab Republic","Asia","2009",5.13,3.55,20824893
"Chad","Africa","2009",2.31,4.44,11502786
"Togo","Africa","2009",4.12,4.9,6330472
"Thailand","Asia","2009",3.86,3.62,66881867
"Tajikistan","Asia","2009",4.1,5.86,7472819
"Timor-Leste","East Asia & Pacific","2009",2.93,1.66,1092021
"Tunisia","Africa","2009",6.53,5.65,10521834
"Tanzania","Africa","2009",4.04,5.08,44664231
"Ukraine","Europe","2009",7.31,6.36,46053300
"St. Vincent and the Grenadines","N.America","2009",5.69,3.6,109253
"Venezuela, RB","S.America","2009",6.87,6.97,28587323
"Vietnam","Asia","2009",4.82,5.29,87565407
"Vanuatu","Asia","2009",5.01,3.16,230785
"South Africa","Africa","2009",5.25,7.11,50970818
"Afghanistan","Asia","2010",3.46,8.57,28803167
"Angola","Africa","2010",3.47,2.74,23369131
"Andorra","Europe","2010",3.06,9.45,84449
"Argentina","S.America","2010",5.02,8.61,41223889
"Armenia","Europe","2010",3.25,5.26,2877311
"Australia","Oceania","2010",5.56,8.45,22031750
"Austria","Europe","2010",5.7,10.22,8363404
"Azerbaijan","Asia","2010",2.78,4.91,9054332
"Burundi","Africa","2010",6.79,11.28,8766930
"Benin","Africa","2010",5.03,4.09,9199259
"Burkina Faso","Africa","2010",3.94,5.89,15605217
"Bulgaria","Europe","2010",3.86,7.11,7395599
"Belarus","Europe","2010",5.22,5.66,9490583
"Belize","N.America","2010",6.62,5.76,321608
"Bolivia","S.America","2010",7.6,5.1,9918242
"Brazil","S.America","2010",5.65,9.72,196796269
"Barbados","N.America","2010",6.1,6.77,279569
"Brunei Darussalam","Asia","2010",2.05,2.28,388662
"Bhutan","Asia","2010",4.02,3.47,727641
"Central African Republic","Africa","2010",1.2,3.74,4448525
"Canada","N.America","2010",5.37,10.56,34005274
"Switzerland","Europe","2010",4.93,10.7,7824909
"Chile","S.America","2010",4.16,6.77,16993354
"Cote d'Ivoire","Africa","2010",4.55,6.15,20401331
"Cameroon","Africa","2010",2.99,4.5,19970495
"Congo, Dem. Rep.","Africa","2010",1.52,4.02,64523263
"Congo, Rep.","Africa","2010",6.22,1.98,4386693
"Colombia","S.America","2010",4.83,6.26,45918097
"Cabo Verde","Africa","2010",5.57,4.48,502384
"Costa Rica","N.America","2010",6.63,8.11,4545280
"Caribbean small states","S.America","2010",6.37,5.42,6984096
"Cuba","N.America","2010",12.84,10.69,11333051
"Cyprus","Europe","2010",6.58,6.28,1112607
"Czech Republic","Europe","2010",4.06,6.93,10474410
"Germany","Europe","2010",4.91,11,81776930
"Djibouti","Africa","2010",4.49,4.3,851146
"Denmark","Europe","2010",8.56,10.33,5547683
"Ecuador","S.America","2010",4.51,7.12,14934690
"Spain","Europe","2010",4.82,9.02,46576897
"Estonia","Europe","2010",5.53,6.33,1331475
"Ethiopia","Africa","2010",4.5,5.47,87702670
"Finland","Europe","2010",6.54,8.87,5363352
"France","Europe","2010",5.69,11.18,65027507
"Gabon","Africa","2010",3.08,2.48,1640210
"United Kingdom","Europe","2010",5.77,8.47,62766365
"Ghana","Africa","2010",5.54,6.13,24512104
"Guinea","Africa","2010",2.55,3.07,10794170
"Gambia, The","Africa","2010",4.16,5.74,1692149
"Guinea-Bissau","Africa","2010",1.86,6.35,1555880
"Guatemala","N.America","2010",2.8,6.08,14630417
"Guyana","S.America","2010",3.64,4.65,746556
"Croatia","Europe","2010",4.24,8.1,4417781
"Hungary","Europe","2010",4.77,7.52,10000023
"Indonesia","East Asia & Pacific","2010",2.81,2.96,242524123
"India","Asia","2010",3.42,3.27,1230980691
"Ireland","Europe","2010",6.04,10.51,4560155
"Iran, Islamic Rep.","Asia","2010",3.71,6.75,74567511
"Iceland","Europe","2010",7.17,8.77,318041
"Israel","Asia","2010",5.54,7.05,7623600
"Italy","Europe","2010",4.35,8.95,59277417
"Jamaica","N.America","2010",6.37,5,2817210
"Kenya","Africa","2010",5.51,6.12,41350152
"Kyrgyz Republic","Asia","2010",5.82,6.95,5447900
"Cambodia","Asia","2010",1.53,6.91,14308740
"Lao PDR","Asia","2010",1.71,2.91,6246274
"Lebanon","Asia","2010",1.61,7.44,4337141
"St. Lucia","N.America","2010",3.86,5.69,172580
"Sri Lanka","Asia","2010",1.72,3.87,20198353
"Lithuania","Europe","2010",5.3,6.82,3097282
"Latvia","Europe","2010",5.08,6.15,2097555
"Monaco","Europe","2010",1.32,2.33,37094
"Moldova","Europe","2010",9.11,12.16,3562045
"Maldives","Asia","2010",4.12,8.49,364511
"Mexico","N.America","2010",5.16,5.75,117318941
"Mali","Africa","2010",3.34,4.43,15075085
"Malta","Europe","2010",6.45,8.21,414508
"Mongolia","Asia","2010",4.65,3.35,2712650
"Mauritania","Africa","2010",3.6,3.33,3609543
"Mauritius","Africa","2010",3.55,4.71,1250400
"Malawi","Africa","2010",3.54,7.24,15167095
"Malaysia","Asia","2010",4.97,3.23,28112289
"Namibia","Africa","2010",8.35,9.47,2173170
"Niger","Africa","2010",3.73,6.51,16425578
"Nicaragua","N.America","2010",4.48,6.5,5737723
"Netherlands","Europe","2010",5.56,10.4,16615394
"Norway","Europe","2010",6.74,8.9,4889252
"Nepal","Asia","2010",3.63,4.97,27023137
"New Zealand","Oceania","2010",7,9.59,4350700
"Pakistan","Asia","2010",2.29,2.6,170560182
"Peru","S.America","2010",2.87,4.74,29373646
"Poland","Europe","2010",5.07,6.42,38042794
"Portugal","Europe","2010",5.4,9.82,10573100
"Paraguay","S.America","2010",3.77,6.23,6209877
"Qatar","Asia","2010",4.54,1.79,1779676
"Romania","Europe","2010",3.49,5.75,20246871
"Rwanda","Africa","2010",4.89,9.37,10246842
"Senegal","Africa","2010",6.5,4.87,12916229
"Singapore","Asia","2010",3.11,3.22,5076732
"Solomon Islands","Oceania","2010",9.86,7.26,527790
"Sierra Leone","Africa","2010",2.59,10.94,6458720
"El Salvador","N.America","2010",4.05,6.91,6164626
"San Marino","Europe","2010",2.31,5.96,31110
"Serbia","Europe","2010",4.59,10.1,7291436
"Sao Tome and Principe","Africa","2010",9.65,6.84,174776
"Slovak Republic","Europe","2010",4.12,7.8,5391428
"Slovenia","Europe","2010",5.56,8.59,2048583
"Sweden","Europe","2010",6.62,8.49,9378126
"Chad","Africa","2010",1.98,4.06,11887202
"Togo","Africa","2010",4.42,5.85,6502952
"Thailand","Asia","2010",3.51,3.39,67208808
"Tajikistan","Asia","2010",4.01,5.74,7641630
"Timor-Leste","East Asia & Pacific","2010",2.45,1.43,1109591
"Tunisia","Africa","2010",6.25,5.88,10639931
"Tanzania","Africa","2010",4.62,5.3,46098591
"Uganda","Africa","2010",2.39,10.52,33915133
"United States","N.America","2010",5.42,16.41,309338421
"St. Vincent and the Grenadines","N.America","2010",5.09,3.75,109315
"Vietnam","Asia","2010",5.14,5.97,88472512
"South Africa","Africa","2010",5.72,7.42,51584663
"Zimbabwe","Africa","2010",1.83,11.83,14086317
"Afghanistan","Asia","2011",3.44,8.56,29708599
"Andorra","Europe","2011",3.15,9.77,83751
"Argentina","S.America","2011",5.29,8.39,41656879
"Armenia","Europe","2011",3.14,3.78,2875581
"Australia","Oceania","2011",5.08,8.56,22340024
"Austria","Europe","2011",5.59,10.03,8391643
"Azerbaijan","Asia","2011",2.44,4.63,9173082
"Burundi","Africa","2011",6,9.96,9043508
"Burkina Faso","Africa","2011",4.48,5.2,16081904
"Bangladesh","Asia","2011",2.13,2.57,153911916
"Bulgaria","Europe","2011",3.56,7.13,7348328
"Belarus","Europe","2011",4.68,4.87,9473172
"Bolivia","S.America","2011",6.89,5.06,10078343
"Brazil","S.America","2011",5.74,9.78,198686688
"Brunei Darussalam","Asia","2011",3.32,1.86,394013
"Bhutan","Asia","2011",4.65,3.27,740510
"Central African Republic","Africa","2011",1.23,3.82,4476153
"Canada","N.America","2011",5.27,10.23,34342780
"Switzerland","Europe","2011",4.97,10.77,7912398
"Chile","S.America","2011",4.05,6.77,17153357
"Cote d'Ivoire","Africa","2011",4.14,5.98,20895311
"Cameroon","Africa","2011",2.77,3.4,20520447
"Colombia","S.America","2011",4.46,5.8,46406646
"Comoros","Africa","2011",4.93,9.1,706569
"Cabo Verde","Africa","2011",5.04,4.31,508067
"Costa Rica","N.America","2011",6.46,8.09,4600474
"Caribbean small states","S.America","2011",6.27,5.27,7029022
"Cyprus","Europe","2011",6.56,6.59,1124835
"Czech Republic","Europe","2011",4.27,6.98,10496088
"Germany","Europe","2011",4.81,10.72,80274983
"Denmark","Europe","2011",8.48,10.15,5570572
"Ecuador","S.America","2011",4.73,7.87,15177355
"Spain","Europe","2011",4.87,9.09,46742697
"Estonia","Europe","2011",5.02,5.82,1327439
"Ethiopia","Africa","2011",5.49,4.47,90046756
"Finland","Europe","2011",6.48,8.95,5388272
"Fiji","Oceania","2011",4.17,3.4,867086
"France","Europe","2011",5.52,11.19,65342775
"Gabon","Africa","2011",2.99,2.56,1697101
"United Kingdom","Europe","2011",5.67,8.42,63258918
"Georgia","Europe","2011",2.7,8.39,3875000
"Ghana","Africa","2011",8.14,6.3,25121796
"Guinea","Africa","2011",2.29,3.79,11035170
"Gambia, The","Africa","2011",3.93,6.25,1746363
"Guinea-Bissau","Africa","2011",1.86,5.43,1596154
"Guatemala","N.America","2011",2.92,5.86,14948919
"Guyana","S.America","2011",3.59,4.91,749100
"Croatia","Europe","2011",4.15,7.79,4280622
"Hungary","Europe","2011",4.6,7.54,9971727
"Indonesia","East Asia & Pacific","2011",3.19,2.96,245707511
"India","Asia","2011",3.84,3.25,1247236029
"Ireland","Europe","2011",5.82,10.71,4580084
"Iran, Islamic Rep.","Asia","2011",3.48,6.61,75491582
"Iceland","Europe","2011",7.02,8.49,319014
"Israel","Asia","2011",5.56,7,7765800
"Italy","Europe","2011",4.14,8.83,59379449
"Jamaica","N.America","2011",6.27,4.92,2829493
"Kenya","Africa","2011",5.34,5.81,42486839
"Kyrgyz Republic","Asia","2011",6.79,7.11,5514600
"Cambodia","Asia","2011",1.51,7.5,14537886
"Korea, Rep.","Asia","2011",4.86,6.3,49936638
"Lao PDR","Asia","2011",1.71,1.94,6333487
"Lebanon","Asia","2011",1.65,8.15,4588368
"St. Lucia","N.America","2011",3.86,5.93,173832
"Sri Lanka","Asia","2011",1.81,3.72,20315017
"Lithuania","Europe","2011",5.12,6.5,3028115
"Latvia","Europe","2011",4.94,5.57,2059709
"Monaco","Europe","2011",1.59,2.18,37497
"Moldova","Europe","2011",8.56,10.91,3559986
"Madagascar","Africa","2011",2.78,4.98,21743949
"Maldives","Asia","2011",3.51,7.92,375131
"Mexico","N.America","2011",5.11,5.52,119090017
"Mali","Africa","2011",3.75,4.1,15540989
"Malta","Europe","2011",7.79,8.55,416268
"Myanmar","Asia","2011",0.79,1.69,50553031
"Mongolia","Asia","2011",4.61,3.25,2761516
"Mauritania","Africa","2011",3.05,3.17,3717672
"Mauritius","Africa","2011",3.33,4.41,1252404
"Malawi","Africa","2011",4.15,7.49,15627618
"Malaysia","Asia","2011",5.76,3.39,28635128
"Niger","Africa","2011",4.21,6.65,17064636
"Netherlands","Europe","2011",5.53,10.52,16693074
"Norway","Europe","2011",6.45,8.78,4953088
"Nepal","Asia","2011",3.84,5.08,27327147
"New Zealand","Oceania","2011",6.94,9.51,4384000
"Pakistan","Asia","2011",2.22,2.34,174184265
"Panama","N.America","2011",3.16,6.4,3707782
"Peru","S.America","2011",2.66,4.67,29759989
"Poland","Europe","2011",4.82,6.23,38063255
"Portugal","Europe","2011",5.12,9.53,10557560
"Paraguay","S.America","2011",4.97,6.73,6293783
"Qatar","Asia","2011",4.01,1.6,1952054
"Romania","Europe","2011",3.04,4.68,20147528
"Rwanda","Africa","2011",4.65,8.48,10516071
"Senegal","Africa","2011",6.07,5.07,13300910
"Singapore","Asia","2011",3.07,3.16,5183688
"Sierra Leone","Africa","2011",2.67,13.28,6611692
"El Salvador","N.America","2011",3.9,6.9,6192560
"San Marino","Europe","2011",2.38,6.74,31504
"Serbia","Europe","2011",4.49,9.66,7234099
"Slovak Republic","Europe","2011",3.96,7.42,5398384
"Slovenia","Europe","2011",5.57,8.57,2052843
"Sweden","Europe","2011",6.49,10.68,9449213
"Seychelles","Africa","2011",3.61,3.53,87441
"Chad","Africa","2011",2.26,3.91,12288651
"Togo","Africa","2011",4.44,5.99,6679282
"Thailand","Asia","2011",4.81,3.57,67530130
"Tajikistan","Asia","2011",3.94,5.86,7815949
"Timor-Leste","East Asia & Pacific","2011",1.87,1.26,1131523
"Uganda","Africa","2011",3.04,8.92,35093648
"Ukraine","Europe","2011",6.16,6.82,45706100
"Uruguay","S.America","2011",4.36,8.64,3385624
"United States","N.America","2011",5.22,16.37,311644280
"Vietnam","Asia","2011",4.81,5.87,89436644
"South Africa","Africa","2011",5.96,7.5,52263516
"Afghanistan","Asia","2012",2.52,7.9,30696958
"Argentina","S.America","2012",5.35,8.41,42096739
"Armenia","Europe","2012",2.77,6.71,2881922
"Australia","Oceania","2012",4.88,8.69,22742475
"Austria","Europe","2012",5.48,10.2,8429991
"Azerbaijan","Asia","2012",2.07,4.98,9295784
"Burundi","Africa","2012",5.82,8.64,9319710
"Benin","Africa","2012",4.87,4.67,9729160
"Burkina Faso","Africa","2012",4.05,4.89,16571216
"Bangladesh","Asia","2012",2.18,2.57,155727053
"Bulgaria","Europe","2012",3.5,7.59,7305888
"Bahrain","Asia","2012",2.65,4.11,1300217
"Belarus","Europe","2012",4.96,5.25,9464495
"Bolivia","S.America","2012",6.43,5.13,10239004
"Brazil","S.America","2012",5.86,10.04,200560983
"Barbados","N.America","2012",5.26,7.74,281585
"Brunei Darussalam","Asia","2012",2.89,1.85,399748
"Switzerland","Europe","2012",5.03,11.06,7996861
"Cote d'Ivoire","Africa","2012",4.61,6.02,21418603
"Cameroon","Africa","2012",2.7,4.54,21082383
"Colombia","S.America","2012",4.39,5.68,46881475
"Comoros","Africa","2012",4.89,7.95,723868
"Costa Rica","N.America","2012",6.69,7.75,4654122
"Caribbean small states","S.America","2012",6.11,5.36,7074129
"Czech Republic","Europe","2012",4.25,7.03,10510785
"Germany","Europe","2012",4.93,10.77,80425823
"Denmark","Europe","2012",7.24,10.24,5591572
"Ecuador","S.America","2012",4.64,8.48,15419666
"Spain","Europe","2012",4.43,9.08,46773055
"Estonia","Europe","2012",4.71,5.83,1322696
"Ethiopia","Africa","2012",5.57,4.54,92444183
"Finland","Europe","2012",7.19,9.29,5413971
"France","Europe","2012",5.46,11.32,65659789
"Gabon","Africa","2012",3.01,2.42,1756817
"Georgia","Europe","2012",1.98,8.37,3825000
"Ghana","Africa","2012",7.92,5.51,25733049
"Guinea","Africa","2012",1.83,3.5,11281469
"Gambia, The","Africa","2012",4.1,6.14,1802125
"Guinea-Bissau","Africa","2012",2,4.85,1638139
"Guatemala","N.America","2012",2.96,5.88,15271056
"Guyana","S.America","2012",3.18,4.83,753091
"Hungary","Europe","2012",4.17,7.47,9920362
"Indonesia","East Asia & Pacific","2012",3.41,2.9,248883232
"India","Asia","2012",3.87,3.33,1263065852
"Ireland","Europe","2012",5.75,10.77,4599533
"Iran, Islamic Rep.","Asia","2012",3.17,6.64,76453574
"Iceland","Europe","2012",7.83,8.44,320716
"Israel","Asia","2012",5.7,7.14,7910500
"Italy","Europe","2012",4.08,8.96,59539717
"Jamaica","N.America","2012",6.11,5,2840992
"Japan","Asia","2012",3.69,10.79,127629000
"Kenya","Africa","2012",5.51,5.61,43646629
"Kyrgyz Republic","Asia","2012",7.38,8.51,5607200
"Cambodia","Asia","2012",1.56,7.27,14776866
"Korea, Rep.","Asia","2012",5.1,6.44,50199853
"Lao PDR","Asia","2012",1.82,2.08,6415169
"Lebanon","Asia","2012",2.16,8,4916404
"Liberia","Africa","2012",2.76,8.49,4181563
"St. Lucia","N.America","2012",3.59,5.86,174835
"Sri Lanka","Asia","2012",1.5,3.4,20425000
"Lithuania","Europe","2012",4.77,6.29,2987773
"Luxembourg","Europe","2012",4.09,6.57,530946
"Latvia","Europe","2012",6.59,5.42,2034319
"Monaco","Europe","2012",1.78,2.24,37783
"Moldova","Europe","2012",8.35,10.93,3559519
"Madagascar","Africa","2012",2.73,3.97,22346573
"Maldives","Asia","2012",3.76,8.67,386203
"Mexico","N.America","2012",5.1,5.66,120828307
"Mali","Africa","2012",3.48,4.4,16006670
"Malta","Europe","2012",6.52,9,420028
"Mongolia","Asia","2012",5.2,3.52,2814226
"Mozambique","Africa","2012",6.08,5.15,25676606
"Mauritania","Africa","2012",2.78,3.34,3830239
"Mauritius","Africa","2012",3.42,4.36,1255882
"Malaysia","Asia","2012",5.74,3.55,29170456
"Niger","Africa","2012",4.33,5.84,17731634
"Netherlands","Europe","2012",5.48,10.9,16754962
"Norway","Europe","2012",7.36,8.77,5018573
"Nepal","Asia","2012",3.76,5.17,27649925
"New Zealand","Oceania","2012",7.15,9.65,4408100
"Pakistan","Asia","2012",2.14,2.36,177911533
"Peru","S.America","2012",2.92,4.84,30158966
"Poland","Europe","2012",4.81,6.2,38063164
"Portugal","Europe","2012",4.95,9.35,10514844
"Paraguay","S.America","2012",4.96,7.62,6379219
"Qatar","Asia","2012",3.51,1.75,2109568
"Romania","Europe","2012",2.95,4.71,20058035
"Russian Federation","Europe","2012",3.79,4.93,143201676
"Rwanda","Africa","2012",4.64,8.45,10788853
"Senegal","Africa","2012",5.93,5.15,13703513
"Singapore","Asia","2012",3.11,3.35,5312437
"Sierra Leone","Africa","2012",2.87,10.59,6766103
"El Salvador","N.America","2012",3.71,6.72,6221246
"Serbia","Europe","2012",4.43,9.92,7199077
"Sao Tome and Principe","Africa","2012",6.34,6.48,182889
"Slovak Republic","Europe","2012",3.91,7.63,5407579
"Slovenia","Europe","2012",5.65,8.76,2057159
"Sweden","Europe","2012",7.66,10.94,9519374
"Seychelles","Africa","2012",2.61,4.41,88303
"Chad","Africa","2012",2.21,3.58,12705135
"Togo","Africa","2012",4.73,6.12,6859482
"Thailand","Asia","2012",4.54,3.52,67843979
"Tajikistan","Asia","2012",4.02,5.98,7995062
"Turkmenistan","Asia","2012",3.05,4.78,5267839
"Timor-Leste","East Asia & Pacific","2012",1.25,1.22,1156760
"Tunisia","Africa","2012",6.25,6.61,10886668
"Turkey","Europe","2012",4.42,4.48,74569867
"Uganda","Africa","2012",2.48,7.89,36306796
"Ukraine","Europe","2012",6.69,7.12,45593300
"United States","N.America","2012",5.19,16.37,313993272
"Vietnam","Asia","2012",5.53,6.28,90451881
"South Africa","Africa","2012",6.37,7.75,52998213
"Zimbabwe","Africa","2012",7.29,6.87,14710826
"Afghanistan","Asia","2013",3.43,8.81,31731688
"Albania","Europe","2013",3.54,6.34,2895092
"Andorra","Europe","2013",2.44,10.11,80788
"Argentina","S.America","2013",5.44,8.38,42539925
"Armenia","Europe","2013",2.65,8.27,2893509
"Australia","Oceania","2013",5.24,8.77,23145901
"Austria","Europe","2013",5.55,10.29,8479823
"Azerbaijan","Asia","2013",2.44,5.13,9416801
"Burundi","Africa","2013",5.41,8.23,9600186
"Benin","Africa","2013",4.55,3.91,10004451
"Burkina Faso","Africa","2013",4.59,6.14,17072723
"Bangladesh","Asia","2013",1.97,2.5,157571292
"Bulgaria","Europe","2013",4.06,7.85,7265115
"Bahrain","Asia","2013",2.48,4.31,1315411
"Belarus","Europe","2013",5.01,5.7,9465997
"Belize","N.America","2013",6.22,5.73,344181
"Bolivia","S.America","2013",6.26,5.52,10400264
"Brazil","S.America","2013",5.84,10.24,202408632
"Barbados","N.America","2013",5.1,7.61,282509
"Bhutan","Asia","2013",5.59,3.62,764961
"Switzerland","Europe","2013",5.04,11.31,8089346
"Chile","S.America","2013",4.53,7.44,17462982
"Cote d'Ivoire","Africa","2013",4.73,5.07,21966312
"Cameroon","Africa","2013",2.77,4.5,21655715
"Congo, Dem. Rep.","Africa","2013",2.06,3.57,71316033
"Colombia","S.America","2013",4.9,5.81,47342981
"Comoros","Africa","2013",4.3,7.78,741500
"Cabo Verde","Africa","2013",5,5.25,520106
"Costa Rica","N.America","2013",6.85,7.68,4706401
"Caribbean small states","S.America","2013",6.25,5.5,7118888
"Cyprus","Europe","2013",6.43,6.9,1143896
"Czech Republic","Europe","2013",4.09,7.81,10514272
"Germany","Europe","2013",4.93,10.92,80645605
"Denmark","Europe","2013",8.49,10.17,5614932
"Ecuador","S.America","2013",5,8.56,15661547
"Spain","Europe","2013",4.33,9.03,46620045
"Estonia","Europe","2013",4.84,6.01,1317997
"Ethiopia","Africa","2013",4.5,4.08,94887724
"Finland","Europe","2013",7.16,9.49,5438972
"Fiji","Oceania","2013",3.88,3.47,879715
"France","Europe","2013",5.5,11.44,65998660
"Gabon","Africa","2013",3.03,2.84,1817271
"United Kingdom","Europe","2013",5.62,9.77,64128226
"Ghana","Africa","2013",6.1,6.12,26346251
"Guinea","Africa","2013",2.63,3.46,11536615
"Gambia, The","Africa","2013",2.78,6.18,1859324
"Guinea-Bissau","Africa","2013",2.13,4.75,1681495
"Guatemala","N.America","2013",2.84,5.9,15596214
"Honduras","N.America","2013",5.87,8.29,8657785
"Croatia","Europe","2013",4.56,6.82,4255689
"Hungary","Europe","2013",4.2,7.26,9893082
"Indonesia","East Asia & Pacific","2013",3.36,2.96,252032263
"India","Asia","2013",3.84,3.75,1278562207
"Ireland","Europe","2013",5.32,10.3,4623816
"Iran, Islamic Rep.","Asia","2013",3.07,5.99,77435384
"Iceland","Europe","2013",7.72,8.48,323764
"Israel","Asia","2013",5.89,7.11,8059500
"Italy","Europe","2013",4.16,8.95,60233948
"Jamaica","N.America","2013",6.25,5.24,2851807
"Japan","Asia","2013",3.67,10.79,127445000
"Kenya","Africa","2013",5.42,5.52,44826849
"Kyrgyz Republic","Asia","2013",6.78,8.19,5719600
"Cambodia","Asia","2013",2.05,7.09,15022692
"Korea, Rep.","Asia","2013",5.25,6.58,50428893
"Lao PDR","Asia","2013",3.23,2.4,6494557
"Lebanon","Asia","2013",2.48,7.76,5276102
"Liberia","Africa","2013",2.72,8.07,4286291
"St. Lucia","N.America","2013",4.31,5.82,175660
"Sri Lanka","Asia","2013",1.62,3.83,20585000
"Lithuania","Europe","2013",4.61,6.14,2957689
"Latvia","Europe","2013",6.99,5.4,2012647
"Monaco","Europe","2013",1.33,2.15,37971
"Madagascar","Africa","2013",2.08,4.23,22961146
"Maldives","Asia","2013",3.8,8.14,397397
"Mexico","N.America","2013",4.7,5.81,122535969
"Mali","Africa","2013",3.28,5.25,16477818
"Malta","Europe","2013",7.88,9.54,425967
"Mongolia","Asia","2013",4.94,3.77,2869107
"Mozambique","Africa","2013",6.48,5.34,26434372
"Mauritania","Africa","2013",2.94,3.63,3946170
"Mauritius","Africa","2013",3.62,4.76,1258653
"Malawi","Africa","2013",5.42,11.58,16577147
"Malaysia","Asia","2013",5.48,3.57,29706724
"Niger","Africa","2013",4.92,5.97,18426372
"Netherlands","Europe","2013",5.59,10.9,16804432
"Norway","Europe","2013",7.47,8.92,5079623
"Nepal","Asia","2013",3.47,5.32,27985310
"New Zealand","Oceania","2013",6.7,9.37,4442100
"Oman","Asia","2013",4.96,2.79,3711481
"Pakistan","Asia","2013",2.49,2.6,181712595
"Peru","S.America","2013",3.3,4.92,30565716
"Poland","Europe","2013",4.94,6.38,38040196
"Portugal","Europe","2013",5.28,9.09,10457295
"Qatar","Asia","2013",4.07,2.08,2250473
"Rwanda","Africa","2013",4.95,7.54,11065151
"Senegal","Africa","2013",7.24,5.58,14120320
"Singapore","Asia","2013",2.9,3.7,5399162
"Sierra Leone","Africa","2013",2.38,11.57,6922079
"El Salvador","N.America","2013",3.8,6.97,6250777
"Sao Tome and Principe","Africa","2013",5.94,7.94,187045
"Slovak Republic","Europe","2013",4.09,7.53,5413393
"Slovenia","Europe","2013",5.44,8.79,2059953
"Sweden","Europe","2013",7.72,11.1,9600379
"Seychelles","Africa","2013",3.61,3.47,89949
"Chad","Africa","2013",2.85,4.79,13133589
"Togo","Africa","2013",4.68,6.3,7042948
"Thailand","Asia","2013",4.12,3.45,68143065
"Timor-Leste","East Asia & Pacific","2013",1.4,1.71,1184366
"Turkey","Europe","2013",4.36,4.4,75787333
"Uganda","Africa","2013",2.21,7.22,37553726
"Ukraine","Europe","2013",6.67,7.36,45489600
"United States","N.America","2013",4.94,16.33,316234505
"Uzbekistan","Asia","2013",7.28,5.97,30243200
"Vietnam","Asia","2013",5.65,6.34,91497725
"South Africa","Africa","2013",6.01,7.72,53767396
"Zimbabwe","Africa","2013",7.41,6.59,15054506
"Afghanistan","Asia","2014",3.67,9.53,32758020
"Andorra","Europe","2014",3,10.28,79223
"Argentina","S.America","2014",5.36,8.24,42981515
"Armenia","Europe","2014",2.25,10.18,2906220
"Australia","Oceania","2014",5.17,9.05,23504138
"Austria","Europe","2014",5.45,10.37,8546356
"Azerbaijan","Asia","2014",2.63,5.56,9535079
"Burundi","Africa","2014",5.93,5.4,9891790
"Belgium","Europe","2014",6.64,10.34,11209057
"Benin","Africa","2014",4.32,3.65,10286712
"Burkina Faso","Africa","2014",4.56,5.62,17585977
"Bahrain","Asia","2014",2.47,4.41,1336397
"Belarus","Europe","2014",4.82,5.39,9474511
"Belize","N.America","2014",6.48,5.65,351694
"Bolivia","S.America","2014",7.29,5.78,10562159
"Brazil","S.America","2014",5.95,10.82,204213133
"Barbados","N.America","2014",6.23,7.14,283385
"Brunei Darussalam","Asia","2014",3.35,1.91,411704
"Bhutan","Asia","2014",5.9,3.47,776448
"Switzerland","Europe","2014",5.05,11.49,8188649
"Chile","S.America","2014",4.73,7.81,17613798
"Cote d'Ivoire","Africa","2014",4.58,5.04,22531350
"Cameroon","Africa","2014",2.69,4.53,22239904
"Congo, Dem. Rep.","Africa","2014",1.95,3.98,73722860
"Congo, Rep.","Africa","2014",4.02,2.51,4871101
"Colombia","S.America","2014",4.67,5.81,47791911
"Comoros","Africa","2014",4.86,7.59,759385
"Cabo Verde","Africa","2014",4.96,5.28,526437
"Costa Rica","N.America","2014",6.87,7.8,4757575
"Caribbean small states","S.America","2014",6.02,5.52,7162679
"Cyprus","Europe","2014",6.38,6.79,1152309
"Czech Republic","Europe","2014",3.99,7.65,10525347
"Germany","Europe","2014",4.93,10.96,80982500
"Denmark","Europe","2014",7.63,10.17,5643475
"Ecuador","S.America","2014",5.26,8.62,15903112
"Spain","Europe","2014",4.28,9.02,46480882
"Estonia","Europe","2014",5.48,6.21,1314545
"Ethiopia","Africa","2014",4.6,4.03,97366774
"Finland","Europe","2014",7.15,9.48,5461512
"France","Europe","2014",5.51,11.6,66316092
"Gabon","Africa","2014",2.67,2.53,1875713
"United Kingdom","Europe","2014",5.69,9.72,64613160
"Ghana","Africa","2014",6.16,5.62,26962563
"Guinea","Africa","2014",2.42,4.78,11805509
"Gambia, The","Africa","2014",3.29,5.3,1917852
"Guatemala","N.America","2014",2.94,5.94,15923559
"Guyana","S.America","2014",5.85,5.14,763393
"Honduras","N.America","2014",7.09,7.99,8809216
"Hungary","Europe","2014",4.63,7.09,9866468
"Indonesia","East Asia & Pacific","2014",3.29,3.12,255131116
"Ireland","Europe","2014",4.89,9.69,4657740
"Iran, Islamic Rep.","Asia","2014",2.8,6.91,78411092
"Iceland","Europe","2014",7.89,8.5,327386
"Israel","Asia","2014",5.81,7.21,8215700
"Italy","Europe","2014",4.08,9.01,60789140
"Jamaica","N.America","2014",6.02,5.23,2862087
"Japan","Asia","2014",3.59,10.83,127276000
"Kenya","Africa","2014",5.28,5.3,46024250
"Kyrgyz Republic","Asia","2014",5.53,8.31,5835500
"Cambodia","Asia","2014",1.91,6.7,15270790
"Korea, Rep.","Asia","2014",5.27,6.82,50746659
"Lao PDR","Asia","2014",2.94,2.3,6576397
"Liberia","Africa","2014",3.59,8.91,4390737
"St. Lucia","N.America","2014",4.34,5.83,176421
"Sri Lanka","Asia","2014",1.93,3.61,20771000
"Lithuania","Europe","2014",4.49,6.2,2932367
"Luxembourg","Europe","2014",3.99,6.43,556319
"Latvia","Europe","2014",5.28,5.47,1993782
"Monaco","Europe","2014",1.02,2.09,38132
"Moldova","Europe","2014",7.46,10.28,3556397
"Madagascar","Africa","2014",2.79,5.08,23589801
"Maldives","Asia","2014",3.47,7.91,408247
"Mexico","N.America","2014",5.26,5.54,124221600
"Mali","Africa","2014",3.64,4.48,16962846
"Malta","Europe","2014",7.24,9.42,434558
"Mongolia","Asia","2014",4.71,3.73,2923896
"Mauritius","Africa","2014",4.92,5.58,1260934
"Malawi","Africa","2014",4.84,9.71,17068838
"Malaysia","Asia","2014",5.21,3.77,30228017
"Namibia","Africa","2014",3.1,8.2,2370992
"Niger","Africa","2014",6.73,5.85,19148219
"Nicaragua","N.America","2014",4.08,7.75,6013997
"Netherlands","Europe","2014",5.53,10.86,16865008
"Norway","Europe","2014",7.68,9.33,5137232
"Nepal","Asia","2014",3.99,5.77,28323241
"New Zealand","Oceania","2014",6.35,9.42,4509700
"Pakistan","Asia","2014",2.47,2.72,185546257
"Peru","S.America","2014",3.69,5.06,30973354
"Poland","Europe","2014",4.91,6.25,38011735
"Portugal","Europe","2014",5.12,9.02,10401062
"Qatar","Asia","2014",3.61,2.42,2374419
"Romania","Europe","2014",3.13,5.03,19908979
"Rwanda","Africa","2014",4.31,6.9,11345357
"Senegal","Africa","2014",7.4,5.7,14546111
"Sierra Leone","Africa","2014",2.66,19.73,7079162
"El Salvador","N.America","2014",3.83,6.93,6281189
"Serbia","Europe","2014",4.18,9.84,7130576
"Sao Tome and Principe","Africa","2014",3.75,6.74,191266
"Slovak Republic","Europe","2014",4.23,6.91,5418649
"Slovenia","Europe","2014",5.29,8.51,2061980
"Sweden","Europe","2014",7.68,11.14,9696110
"Seychelles","Africa","2014",4.08,3.4,91359
"Togo","Africa","2014",4.88,6.36,7228915
"Timor-Leste","East Asia & Pacific","2014",2.69,2.36,1212814
"Turkey","Europe","2014",4.37,4.35,77030628
"Tanzania","Africa","2014",3.48,4.16,52234869
"Uganda","Africa","2014",2.25,6.7,38833338
"Ukraine","Europe","2014",5.87,6.64,45271947
"United States","N.America","2014",4.99,16.51,318622525
"Uzbekistan","Asia","2014",7.32,5.68,30757700
"Vanuatu","Asia","2014",4.91,3.46,258850
"South Africa","Africa","2014",6.05,7.93,54539571
"Zimbabwe","Africa","2014",7.53,8.67,15411675
"Afghanistan","Asia","2015",3.24,10.09,33736494
"Albania","Europe","2015",3.44,6.82,2880703
"Andorra","Europe","2015",3.25,10.26,78014
"Argentina","S.America","2015",5.78,8.74,43417765
"Armenia","Europe","2015",2.81,10.12,2916950
"Australia","Oceania","2015",5.32,9.33,23850784
"Austria","Europe","2015",5.45,10.34,8642699
"Azerbaijan","Asia","2015",2.95,6.84,9649341
"Burundi","Africa","2015",6.45,4.88,10199270
"Belgium","Europe","2015",6.55,10.11,11274196
"Benin","Africa","2015",4.36,3.99,10575952
"Burkina Faso","Africa","2015",4.17,5.83,18110624
"Bahrain","Asia","2015",2.67,4.98,1371855
"Belarus","Europe","2015",4.79,6.07,9489616
"Belize","N.America","2015",6.72,5.88,359288
"Brazil","S.America","2015",6.24,11.46,205962108
"Bhutan","Asia","2015",7.39,3.66,787386
"Switzerland","Europe","2015",5.1,11.89,8282396
"Chile","S.America","2015",4.87,8.3,17762681
"Cote d'Ivoire","Africa","2015",4.83,5.26,23108472
"Cameroon","Africa","2015",2.77,4.7,22834522
"Congo, Dem. Rep.","Africa","2015",2.17,3.99,76196619
"Congo, Rep.","Africa","2015",4.56,3.42,4995648
"Colombia","S.America","2015",4.5,6.02,48228697
"Comoros","Africa","2015",4.34,7.68,777424
"Cabo Verde","Africa","2015",5.27,5.31,532913
"Costa Rica","N.America","2015",7.08,7.78,4807852
"Caribbean small states","S.America","2015",5.46,5.95,7204948
"Cyprus","Europe","2015",6.38,6.81,1160985
"Czech Republic","Europe","2015",5.79,7.24,10546059
"Germany","Europe","2015",4.81,11.08,81686611
"Dominica","N.America","2015",3.39,5.46,73162
"Ecuador","S.America","2015",5,8.59,16144368
"Spain","Europe","2015",4.28,9.12,46444832
"Estonia","Europe","2015",5.22,6.48,1315407
"Ethiopia","Africa","2015",4.74,3.98,99873033
"Finland","Europe","2015",7.09,9.74,5479531
"France","Europe","2015",5.46,11.5,66593366
"Micronesia, Fed. Sts.","Oceania","2015",12.46,12.2,104433
"United Kingdom","Europe","2015",5.63,9.79,65128861
"Ghana","Africa","2015",5.94,6.09,27582821
"Guinea","Africa","2015",2.52,5.83,12091533
"Guatemala","N.America","2015",2.96,5.52,16252429
"Guyana","S.America","2015",5.27,4.45,768514
"Honduras","N.America","2015",6.41,7.71,8960829
"Haiti","N.America","2015",3.16,5.37,10711061
"Hungary","Europe","2015",4.58,7.12,9843028
"Indonesia","East Asia & Pacific","2015",3.58,3.01,258162113
"Ireland","Europe","2015",3.77,7.45,4701957
"Iran, Islamic Rep.","Asia","2015",2.8,7.76,79360487
"Iceland","Europe","2015",7.71,8.35,330815
"Israel","Asia","2015",5.88,7.38,8380100
"Italy","Europe","2015",4.08,8.99,60730582
"Jamaica","N.America","2015",5.46,5.66,2871934
"Kazakhstan","Europe","2015",2.79,3.09,17542806
"Kenya","Africa","2015",5.27,4.89,47236259
"Kyrgyz Republic","Asia","2015",5.99,7.22,5956900
"St. Kitts and Nevis","N.America","2015",2.78,5.15,54288
"Korea, Rep.","Asia","2015",5.25,7.05,51014947
"Liberia","Africa","2015",4.11,10.19,4499621
"St. Lucia","N.America","2015",4.37,5.39,177206
"Sri Lanka","Asia","2015",2.23,3.89,20966000
"Lithuania","Europe","2015",4.22,6.48,2904910
"Luxembourg","Europe","2015",3.92,6.19,569604
"Latvia","Europe","2015",5.34,5.71,1977527
"Maldives","Asia","2015",4.48,8.9,418403
"Mexico","N.America","2015",5.24,5.65,125890949
"Mali","Africa","2015",3.8,4.11,17467905
"Malta","Europe","2015",5.27,9.36,445053
"Mongolia","Asia","2015",4.18,3.88,2976877
"Mauritius","Africa","2015",4.89,5.79,1262605
"Malawi","Africa","2015",5.61,9.33,17573607
"Malaysia","Asia","2015",4.98,3.9,30723155
"Niger","Africa","2015",5.99,7.09,19896965
"Nicaragua","N.America","2015",4.13,7.92,6082035
"Netherlands","Europe","2015",5.4,10.39,16939923
"Norway","Europe","2015",7.55,10.11,5190239
"Nepal","Asia","2015",3.7,6.22,28656282
"New Zealand","Oceania","2015",6.34,9.31,4595700
"Pakistan","Asia","2015",2.65,2.69,189380513
"Peru","S.America","2015",3.97,5.12,31376671
"Poland","Europe","2015",4.81,6.34,37986412
"Portugal","Europe","2015",4.88,8.97,10358076
"Romania","Europe","2015",3.11,4.94,19815481
"Russian Federation","Europe","2015",3.82,5.28,144096870
"Rwanda","Africa","2015",3.75,6.52,11629553
"Senegal","Africa","2015",7.11,5.59,14976994
"El Salvador","N.America","2015",3.96,6.86,6312478
"Serbia","Europe","2015",4.04,9.41,7095383
"Sao Tome and Principe","Africa","2015",3.9,5.35,195553
"Slovak Republic","Europe","2015",4.65,6.87,5423801
"Slovenia","Europe","2015",4.91,8.5,2063531
"Sweden","Europe","2015",7.55,11.01,9799186
"Togo","Africa","2015",5.22,6.25,7416802
"Tajikistan","Asia","2015",5.23,6.85,8548651
"Tunisia","Africa","2015",6.6,7.01,11273661
"Turkey","Europe","2015",4.29,4.14,78271472
"Uganda","Africa","2015",2.77,6.33,40144870
"Uzbekistan","Asia","2015",7.08,6.1,31298900
"Vanuatu","Asia","2015",5.55,4.15,264603
"South Africa","Africa","2015",5.96,8.2,55291225
"Afghanistan","Asia","2016",4.21,10.2,34656032
"Albania","Europe","2016",3.95,6.7,2876101
"Andorra","Europe","2016",3.26,10.37,77281
"Argentina","S.America","2016",5.57,7.55,43847430
"Armenia","Europe","2016",2.76,9.93,2924816
"Azerbaijan","Asia","2016",2.9,6.89,9757812
"Burundi","Africa","2016",4.62,6.19,10524117
"Benin","Africa","2016",3.99,3.86,10872298
"Bangladesh","Asia","2016",1.54,2.37,162951560
"Belarus","Europe","2016",4.95,6.32,9501534
"Belize","N.America","2016",7.06,6.12,366954
"Barbados","N.America","2016",5.09,6.96,284996
"Brunei Darussalam","Asia","2016",4.43,2.34,423196
"Bhutan","Asia","2016",6.81,3.45,797765
"Switzerland","Europe","2016",5.12,12.25,8373338
"Chile","S.America","2016",5.35,8.53,17909754
"Cote d'Ivoire","Africa","2016",4.95,4.4,23695919
"Cameroon","Africa","2016",2.69,4.69,23439189
"Congo, Dem. Rep.","Africa","2016",2.12,3.87,78736153
"Colombia","S.America","2016",4.52,5.91,48653419
"Cabo Verde","Africa","2016",5.37,5.24,539560
"Costa Rica","N.America","2016",7.12,7.56,4857274
"Caribbean small states","S.America","2016",5.32,6.13,7245472
"United Kingdom","Europe","2016",5.54,9.76,65595565
"Georgia","Europe","2016",3.78,8.44,3719300
"Ghana","Africa","2016",5.77,4.45,28206728
"Guinea","Africa","2016",2.52,5.48,12395924
"Gambia, The","Africa","2016",3.09,4.43,2038501
"Grenada","N.America","2016",10.29,5.25,107317
"Guatemala","N.America","2016",2.83,5.82,16582469
"Guyana","S.America","2016",6.06,4.24,773303
"Honduras","N.America","2016",6.3,8.4,9112867
"Haiti","N.America","2016",2.45,5.39,10847334
"Iran, Islamic Rep.","Asia","2016",3.37,8.1,80277428
"Jamaica","N.America","2016",5.32,6.07,2881355
"Jordan","Asia","2016",3.9,5.47,9455802
"Japan","Asia","2016",3.47,10.93,126994511
"Kazakhstan","Europe","2016",2.98,3.53,17794055
"Kenya","Africa","2016",5.36,4.55,48461567
"Kyrgyz Republic","Asia","2016",6.59,6.63,6079500
"Liberia","Africa","2016",4.01,9.62,4613823
"St. Lucia","N.America","2016",5.71,5.31,178015
"Sri Lanka","Asia","2016",3.48,3.89,21203000
"Monaco","Europe","2016",1.37,1.75,38499
"Moldova","Europe","2016",6.66,8.98,3551954
"Maldives","Asia","2016",4.25,10.61,427756
"Mali","Africa","2016",3.09,3.82,17994837
"Mongolia","Asia","2016",5.18,3.81,3027398
"Mauritania","Africa","2016",2.63,4.24,4301018
"Mauritius","Africa","2016",5.01,5.75,1263473
"Malawi","Africa","2016",4.75,9.83,18091575
"Malaysia","Asia","2016",4.83,3.8,31187265
"Niger","Africa","2016",4.04,6.23,20672987
"Nicaragua","N.America","2016",4.11,8.75,6149928
"Nepal","Asia","2016",4.44,6.29,28982771
"New Zealand","Oceania","2016",6.3,9.22,4693200
"Oman","Asia","2016",6.11,4.29,4424762
"Pakistan","Asia","2016",2.49,2.75,193203476
"Peru","S.America","2016",3.82,5.14,31773839
"Paraguay","S.America","2016",4.52,8.02,6725308
"Rwanda","Africa","2016",3.54,6.76,11917508
"Senegal","Africa","2016",6.63,5.51,15411614
"Sierra Leone","Africa","2016",3.06,16.53,7396190
"El Salvador","N.America","2016",3.87,6.96,6344722
"Serbia","Europe","2016",3.86,9.14,7058322
"Sao Tome and Principe","Africa","2016",5.08,5.99,199910
"Seychelles","Africa","2016",4.42,3.94,94677
"Togo","Africa","2016",5.06,6.62,7606374
"Uganda","Africa","2016",2.56,6.17,41487965
"Ukraine","Europe","2016",5.01,6.73,45004645
"Uzbekistan","Asia","2016",6.91,6.34,31847900
"St. Vincent and the Grenadines","N.America","2016",5.8,3.56,109643
"Samoa","Oceania","2016",4.08,5.53,195125
"South Africa","Africa","2016",5.94,8.11,56015473
